<?xml version="1.0" encoding="UTF-8" standalone="no" ?>
<Lib xmlns:xsd="http://www.w3.org/2001/XMLSchema" xmlns:xsi="http://www.w3.org/2001/XMLSchema-instance" xsi:noNamespaceSchemaLocation="olb.xsd">

  <Defn name="C:\TEMP\STBC02AJR.OLB"/>

  <DefaultValues>
    <Defn/>
    <DefaultFont>
      <Defn escapement="0" height="-9" index="0" italic="0" name="Arial" orientation="0" weight="400" width="4"/>
    </DefaultFont>
    <DefaultFont>
      <Defn escapement="0" height="-9" index="1" italic="0" name="Arial" orientation="0" weight="400" width="4"/>
    </DefaultFont>
    <DefaultFont>
      <Defn escapement="0" height="-9" index="2" italic="0" name="Arial" orientation="0" weight="400" width="4"/>
    </DefaultFont>
    <DefaultFont>
      <Defn escapement="0" height="8" index="3" italic="0" name="Arial" orientation="0" weight="400" width="0"/>
    </DefaultFont>
    <DefaultFont>
      <Defn escapement="0" height="8" index="4" italic="0" name="Arial" orientation="0" weight="400" width="0"/>
    </DefaultFont>
    <DefaultFont>
      <Defn escapement="0" height="-9" index="5" italic="0" name="Arial" orientation="0" weight="400" width="4"/>
    </DefaultFont>
    <DefaultFont>
      <Defn escapement="0" height="-9" index="6" italic="0" name="Arial" orientation="0" weight="400" width="4"/>
    </DefaultFont>
    <DefaultFont>
      <Defn escapement="0" height="-9" index="7" italic="0" name="Arial" orientation="0" weight="400" width="4"/>
    </DefaultFont>
    <DefaultFont>
      <Defn escapement="0" height="-9" index="8" italic="0" name="Arial" orientation="0" weight="400" width="4"/>
    </DefaultFont>
    <DefaultFont>
      <Defn escapement="0" height="-9" index="9" italic="0" name="Arial" orientation="0" weight="400" width="4"/>
    </DefaultFont>
    <DefaultFont>
      <Defn escapement="0" height="-9" index="10" italic="0" name="Arial" orientation="0" weight="400" width="4"/>
    </DefaultFont>
    <DefaultFont>
      <Defn escapement="0" height="-9" index="11" italic="0" name="Arial" orientation="0" weight="400" width="4"/>
    </DefaultFont>
    <DefaultFont>
      <Defn escapement="0" height="-9" index="12" italic="0" name="Arial" orientation="0" weight="400" width="4"/>
    </DefaultFont>
    <DefaultFont>
      <Defn escapement="0" height="-9" index="13" italic="0" name="Courier New" orientation="0" weight="400" width="5"/>
    </DefaultFont>
    <DefaultFont>
      <Defn escapement="0" height="-9" index="14" italic="0" name="Arial" orientation="0" weight="400" width="4"/>
    </DefaultFont>
    <DefaultFont>
      <Defn escapement="0" height="-9" index="15" italic="0" name="Arial" orientation="0" weight="400" width="4"/>
    </DefaultFont>
    <DefaultFont>
      <Defn escapement="0" height="-9" index="16" italic="0" name="Arial" orientation="0" weight="400" width="4"/>
    </DefaultFont>
    <DefaultFont>
      <Defn escapement="0" height="8" index="17" italic="0" name="Arial" orientation="0" weight="400" width="0"/>
    </DefaultFont>
    <DefaultFont>
      <Defn escapement="0" height="8" index="18" italic="0" name="Arial" orientation="0" weight="400" width="0"/>
    </DefaultFont>
    <DefaultFont>
      <Defn escapement="0" height="8" index="19" italic="0" name="Arial" orientation="0" weight="400" width="0"/>
    </DefaultFont>
    <DefaultFont>
      <Defn escapement="0" height="8" index="20" italic="0" name="Arial" orientation="0" weight="400" width="0"/>
    </DefaultFont>
    <DefaultFont>
      <Defn escapement="0" height="8" index="21" italic="0" name="Arial" orientation="0" weight="400" width="0"/>
    </DefaultFont>
    <DefaultFont>
      <Defn escapement="0" height="8" index="22" italic="0" name="Arial" orientation="0" weight="400" width="0"/>
    </DefaultFont>
    <DefaultFont>
      <Defn escapement="0" height="8" index="23" italic="0" name="Arial" orientation="0" weight="400" width="0"/>
    </DefaultFont>
    <DefaultPageRec>
      <Defn ANSIGridRefs="1" BorderDisplayed="1" BorderPrinted="1" GridRefDisplayed="1" GridRefPrinted="1" HorizontalLabelCount="5" HorizontalLabelIsAscending="0" HorizontalLabelIsChar="0" HorizontalLabelWidth="100" IsMetric="0" PinToPin="100" TitleBlockDisplayed="1" TitleBlockPrinted="1" VerticalLabelCount="4" VerticalLabelIsAscending="0" VerticalLabelIsChar="1" VerticalLabelWidth="100"/>
    </DefaultPageRec>
    <DefaultPlacedInstIsPrimitive>
      <Defn val="0"/>
    </DefaultPlacedInstIsPrimitive>
    <DefaultDrawnInstIsPrimitive>
      <Defn val="0"/>
    </DefaultDrawnInstIsPrimitive>
    <DefaultPartFieldMapping>
      <Defn index="1" val="1ST PART FIELD"/>
    </DefaultPartFieldMapping>
    <DefaultPartFieldMapping>
      <Defn index="2" val="2ND PART FIELD"/>
    </DefaultPartFieldMapping>
    <DefaultPartFieldMapping>
      <Defn index="3" val="3RD PART FIELD"/>
    </DefaultPartFieldMapping>
    <DefaultPartFieldMapping>
      <Defn index="4" val="4TH PART FIELD"/>
    </DefaultPartFieldMapping>
    <DefaultPartFieldMapping>
      <Defn index="5" val="5TH PART FIELD"/>
    </DefaultPartFieldMapping>
    <DefaultPartFieldMapping>
      <Defn index="6" val="6TH PART FIELD"/>
    </DefaultPartFieldMapping>
    <DefaultPartFieldMapping>
      <Defn index="7" val="7TH PART FIELD"/>
    </DefaultPartFieldMapping>
    <DefaultPartFieldMapping>
      <Defn index="8" val="PCB Footprint"/>
    </DefaultPartFieldMapping>
  </DefaultValues>
  <Package>
    <Defn alphabeticNumbering="1" isHomogeneous="1" name="STBC02AJR" pcbFootprint="BGA30C40P5X6_225X259X60" pcbLib="" refdesPrefix="J"/>
    <LibPart>
      <Defn CellName="STBC02AJR"/>
      <NormalView>
        <Defn suffix=".Normal"/>
        <SymbolDisplayProp>
          <Defn locX="135" locY="-25" name="Part Reference" rotation="0" textJustification="1"/>
          <PropFont>
            <Defn escapement="0" height="-9" italic="0" name="Arial" orientation="0" weight="400" width="4"/>
          </PropFont>
          <PropColor>
            <Defn val="48"/>
          </PropColor>
          <PropDispType>
            <Defn ValueIfValueExist="0" val="1"/>
          </PropDispType>
        </SymbolDisplayProp>
        <SymbolDisplayProp>
          <Defn locX="135" locY="-15" name="Value" rotation="0" textJustification="1"/>
          <PropFont>
            <Defn escapement="0" height="-9" italic="0" name="Arial" orientation="0" weight="400" width="4"/>
          </PropFont>
          <PropColor>
            <Defn val="48"/>
          </PropColor>
          <PropDispType>
            <Defn ValueIfValueExist="0" val="1"/>
          </PropDispType>
        </SymbolDisplayProp>
        <SymbolUserProp>
          <Defn name="Manufacturer_Name" val="STMicroelectronics"/>
        </SymbolUserProp>
        <SymbolUserProp>
          <Defn name="Manufacturer_Part_Number" val="STBC02AJR"/>
        </SymbolUserProp>
        <SymbolUserProp>
          <Defn name="Mouser Part Number" val="511-STBC02AJR"/>
        </SymbolUserProp>
        <SymbolUserProp>
          <Defn name="Mouser Price/Stock" val="https://www.mouser.co.uk/ProductDetail/STMicroelectronics/STBC02AJR?qs=mKNKSX85ZJf29X8YgYQOTA%3D%3D"/>
        </SymbolUserProp>
        <SymbolUserProp>
          <Defn name="RS Part Number" val=""/>
        </SymbolUserProp>
        <SymbolUserProp>
          <Defn name="RS Price/Stock" val=""/>
        </SymbolUserProp>
        <SymbolUserProp>
          <Defn name="Description" val="STMICROELECTRONICS - STBC02AJR - Battery Charger, 1 Cell Li-Ion, Li-Pol Battery, 5.4V in, 4.45V / 450 mA charge, Flip-Chip-30"/>
        </SymbolUserProp>
        <SymbolUserProp>
          <Defn name="Datasheet Link" val="https://www.st.com/resource/en/datasheet/stbc02.pdf"/>
        </SymbolUserProp>
        <SymbolUserProp>
          <Defn name="Height" val="0.6 mm"/>
        </SymbolUserProp>
        <SymbolColor>
          <Defn val="48"/>
        </SymbolColor>
        <SymbolBBox>
          <Defn x1="0" x2="130" y1="0" y2="160"/>
        </SymbolBBox>
        <IsPinNumbersVisible>
          <Defn val="1"/>
        </IsPinNumbersVisible>
        <IsPinNamesRotated>
          <Defn val="1"/>
        </IsPinNamesRotated>
        <IsPinNamesVisible>
          <Defn val="1"/>
        </IsPinNamesVisible>
        <ContentsLibName>
          <Defn name=""/>
        </ContentsLibName>
        <ContentsViewName>
          <Defn name=""/>
        </ContentsViewName>
        <ContentsViewType>
          <Defn type="0"/>
        </ContentsViewType>
        <PartValue>
          <Defn name="STBC02AJR"/>
        </PartValue>
        <Reference>
          <Defn name="J"/>
        </Reference>
        <Line>
          <Defn lineStyle="0" lineWidth="0" x1="0" x2="130" y1="0" y2="0"/>
        </Line>
        <Line>
          <Defn lineStyle="0" lineWidth="0" x1="130" x2="130" y1="160" y2="0"/>
        </Line>
        <Line>
          <Defn lineStyle="0" lineWidth="0" x1="130" x2="0" y1="160" y2="160"/>
        </Line>
        <Line>
          <Defn lineStyle="0" lineWidth="0" x1="0" x2="0" y1="0" y2="160"/>
        </Line>
        <SymbolPinScalar>
          <Defn hotptX="-20" hotptY="10" name="RESET_NOW" position="0" startX="0" startY="10" type="4" visible="1"/>
          <IsLong>
            <Defn val="0"/>
          </IsLong>
          <IsClock>
            <Defn val="0"/>
          </IsClock>
          <IsDot>
            <Defn val="0"/>
          </IsDot>
          <IsLeftPointing>
            <Defn val="0"/>
          </IsLeftPointing>
          <IsRightPointing>
            <Defn val="0"/>
          </IsRightPointing>
          <IsNetStyle>
            <Defn val="0"/>
          </IsNetStyle>
          <IsNoConnect>
            <Defn val="0"/>
          </IsNoConnect>
          <IsGlobal>
            <Defn val="0"/>
          </IsGlobal>
          <IsNumberVisible>
            <Defn val="1"/>
          </IsNumberVisible>
        </SymbolPinScalar>
        <SymbolPinScalar>
          <Defn hotptX="-20" hotptY="20" name="GND" position="1" startX="0" startY="20" type="4" visible="1"/>
          <IsLong>
            <Defn val="0"/>
          </IsLong>
          <IsClock>
            <Defn val="0"/>
          </IsClock>
          <IsDot>
            <Defn val="0"/>
          </IsDot>
          <IsLeftPointing>
            <Defn val="0"/>
          </IsLeftPointing>
          <IsRightPointing>
            <Defn val="0"/>
          </IsRightPointing>
          <IsNetStyle>
            <Defn val="0"/>
          </IsNetStyle>
          <IsNoConnect>
            <Defn val="0"/>
          </IsNoConnect>
          <IsGlobal>
            <Defn val="0"/>
          </IsGlobal>
          <IsNumberVisible>
            <Defn val="1"/>
          </IsNumberVisible>
        </SymbolPinScalar>
        <SymbolPinScalar>
          <Defn hotptX="-20" hotptY="30" name="BAT_1" position="2" startX="0" startY="30" type="4" visible="1"/>
          <IsLong>
            <Defn val="0"/>
          </IsLong>
          <IsClock>
            <Defn val="0"/>
          </IsClock>
          <IsDot>
            <Defn val="0"/>
          </IsDot>
          <IsLeftPointing>
            <Defn val="0"/>
          </IsLeftPointing>
          <IsRightPointing>
            <Defn val="0"/>
          </IsRightPointing>
          <IsNetStyle>
            <Defn val="0"/>
          </IsNetStyle>
          <IsNoConnect>
            <Defn val="0"/>
          </IsNoConnect>
          <IsGlobal>
            <Defn val="0"/>
          </IsGlobal>
          <IsNumberVisible>
            <Defn val="1"/>
          </IsNumberVisible>
        </SymbolPinScalar>
        <SymbolPinScalar>
          <Defn hotptX="-20" hotptY="40" name="RST_PENDING" position="3" startX="0" startY="40" type="4" visible="1"/>
          <IsLong>
            <Defn val="0"/>
          </IsLong>
          <IsClock>
            <Defn val="0"/>
          </IsClock>
          <IsDot>
            <Defn val="0"/>
          </IsDot>
          <IsLeftPointing>
            <Defn val="0"/>
          </IsLeftPointing>
          <IsRightPointing>
            <Defn val="0"/>
          </IsRightPointing>
          <IsNetStyle>
            <Defn val="0"/>
          </IsNetStyle>
          <IsNoConnect>
            <Defn val="0"/>
          </IsNoConnect>
          <IsGlobal>
            <Defn val="0"/>
          </IsGlobal>
          <IsNumberVisible>
            <Defn val="1"/>
          </IsNumberVisible>
        </SymbolPinScalar>
        <SymbolPinScalar>
          <Defn hotptX="-20" hotptY="50" name="AGND" position="4" startX="0" startY="50" type="4" visible="1"/>
          <IsLong>
            <Defn val="0"/>
          </IsLong>
          <IsClock>
            <Defn val="0"/>
          </IsClock>
          <IsDot>
            <Defn val="0"/>
          </IsDot>
          <IsLeftPointing>
            <Defn val="0"/>
          </IsLeftPointing>
          <IsRightPointing>
            <Defn val="0"/>
          </IsRightPointing>
          <IsNetStyle>
            <Defn val="0"/>
          </IsNetStyle>
          <IsNoConnect>
            <Defn val="0"/>
          </IsNoConnect>
          <IsGlobal>
            <Defn val="0"/>
          </IsGlobal>
          <IsNumberVisible>
            <Defn val="1"/>
          </IsNumberVisible>
        </SymbolPinScalar>
        <SymbolPinScalar>
          <Defn hotptX="-20" hotptY="60" name="SW_SEL" position="5" startX="0" startY="60" type="4" visible="1"/>
          <IsLong>
            <Defn val="0"/>
          </IsLong>
          <IsClock>
            <Defn val="0"/>
          </IsClock>
          <IsDot>
            <Defn val="0"/>
          </IsDot>
          <IsLeftPointing>
            <Defn val="0"/>
          </IsLeftPointing>
          <IsRightPointing>
            <Defn val="0"/>
          </IsRightPointing>
          <IsNetStyle>
            <Defn val="0"/>
          </IsNetStyle>
          <IsNoConnect>
            <Defn val="0"/>
          </IsNoConnect>
          <IsGlobal>
            <Defn val="0"/>
          </IsGlobal>
          <IsNumberVisible>
            <Defn val="1"/>
          </IsNumberVisible>
        </SymbolPinScalar>
        <SymbolPinScalar>
          <Defn hotptX="-20" hotptY="70" name="NC_1" position="6" startX="0" startY="70" type="4" visible="1"/>
          <IsLong>
            <Defn val="0"/>
          </IsLong>
          <IsClock>
            <Defn val="0"/>
          </IsClock>
          <IsDot>
            <Defn val="0"/>
          </IsDot>
          <IsLeftPointing>
            <Defn val="0"/>
          </IsLeftPointing>
          <IsRightPointing>
            <Defn val="0"/>
          </IsRightPointing>
          <IsNetStyle>
            <Defn val="0"/>
          </IsNetStyle>
          <IsNoConnect>
            <Defn val="0"/>
          </IsNoConnect>
          <IsGlobal>
            <Defn val="0"/>
          </IsGlobal>
          <IsNumberVisible>
            <Defn val="1"/>
          </IsNumberVisible>
        </SymbolPinScalar>
        <SymbolPinScalar>
          <Defn hotptX="-20" hotptY="80" name="SYS_1" position="7" startX="0" startY="80" type="4" visible="1"/>
          <IsLong>
            <Defn val="0"/>
          </IsLong>
          <IsClock>
            <Defn val="0"/>
          </IsClock>
          <IsDot>
            <Defn val="0"/>
          </IsDot>
          <IsLeftPointing>
            <Defn val="0"/>
          </IsLeftPointing>
          <IsRightPointing>
            <Defn val="0"/>
          </IsRightPointing>
          <IsNetStyle>
            <Defn val="0"/>
          </IsNetStyle>
          <IsNoConnect>
            <Defn val="0"/>
          </IsNoConnect>
          <IsGlobal>
            <Defn val="0"/>
          </IsGlobal>
          <IsNumberVisible>
            <Defn val="1"/>
          </IsNumberVisible>
        </SymbolPinScalar>
        <SymbolPinScalar>
          <Defn hotptX="-20" hotptY="90" name="WAKE_UP" position="8" startX="0" startY="90" type="4" visible="1"/>
          <IsLong>
            <Defn val="0"/>
          </IsLong>
          <IsClock>
            <Defn val="0"/>
          </IsClock>
          <IsDot>
            <Defn val="0"/>
          </IsDot>
          <IsLeftPointing>
            <Defn val="0"/>
          </IsLeftPointing>
          <IsRightPointing>
            <Defn val="0"/>
          </IsRightPointing>
          <IsNetStyle>
            <Defn val="0"/>
          </IsNetStyle>
          <IsNoConnect>
            <Defn val="0"/>
          </IsNoConnect>
          <IsGlobal>
            <Defn val="0"/>
          </IsGlobal>
          <IsNumberVisible>
            <Defn val="1"/>
          </IsNumberVisible>
        </SymbolPinScalar>
        <SymbolPinScalar>
          <Defn hotptX="-20" hotptY="100" name="IPRE" position="9" startX="0" startY="100" type="4" visible="1"/>
          <IsLong>
            <Defn val="0"/>
          </IsLong>
          <IsClock>
            <Defn val="0"/>
          </IsClock>
          <IsDot>
            <Defn val="0"/>
          </IsDot>
          <IsLeftPointing>
            <Defn val="0"/>
          </IsLeftPointing>
          <IsRightPointing>
            <Defn val="0"/>
          </IsRightPointing>
          <IsNetStyle>
            <Defn val="0"/>
          </IsNetStyle>
          <IsNoConnect>
            <Defn val="0"/>
          </IsNoConnect>
          <IsGlobal>
            <Defn val="0"/>
          </IsGlobal>
          <IsNumberVisible>
            <Defn val="1"/>
          </IsNumberVisible>
        </SymbolPinScalar>
        <SymbolPinScalar>
          <Defn hotptX="-20" hotptY="110" name="CHG" position="10" startX="0" startY="110" type="4" visible="1"/>
          <IsLong>
            <Defn val="0"/>
          </IsLong>
          <IsClock>
            <Defn val="0"/>
          </IsClock>
          <IsDot>
            <Defn val="0"/>
          </IsDot>
          <IsLeftPointing>
            <Defn val="0"/>
          </IsLeftPointing>
          <IsRightPointing>
            <Defn val="0"/>
          </IsRightPointing>
          <IsNetStyle>
            <Defn val="0"/>
          </IsNetStyle>
          <IsNoConnect>
            <Defn val="0"/>
          </IsNoConnect>
          <IsGlobal>
            <Defn val="0"/>
          </IsGlobal>
          <IsNumberVisible>
            <Defn val="1"/>
          </IsNumberVisible>
        </SymbolPinScalar>
        <SymbolPinScalar>
          <Defn hotptX="-20" hotptY="120" name="SW1_OB" position="11" startX="0" startY="120" type="4" visible="1"/>
          <IsLong>
            <Defn val="0"/>
          </IsLong>
          <IsClock>
            <Defn val="0"/>
          </IsClock>
          <IsDot>
            <Defn val="0"/>
          </IsDot>
          <IsLeftPointing>
            <Defn val="0"/>
          </IsLeftPointing>
          <IsRightPointing>
            <Defn val="0"/>
          </IsRightPointing>
          <IsNetStyle>
            <Defn val="0"/>
          </IsNetStyle>
          <IsNoConnect>
            <Defn val="0"/>
          </IsNoConnect>
          <IsGlobal>
            <Defn val="0"/>
          </IsGlobal>
          <IsNumberVisible>
            <Defn val="1"/>
          </IsNumberVisible>
        </SymbolPinScalar>
        <SymbolPinScalar>
          <Defn hotptX="-20" hotptY="130" name="IN_1" position="12" startX="0" startY="130" type="4" visible="1"/>
          <IsLong>
            <Defn val="0"/>
          </IsLong>
          <IsClock>
            <Defn val="0"/>
          </IsClock>
          <IsDot>
            <Defn val="0"/>
          </IsDot>
          <IsLeftPointing>
            <Defn val="0"/>
          </IsLeftPointing>
          <IsRightPointing>
            <Defn val="0"/>
          </IsRightPointing>
          <IsNetStyle>
            <Defn val="0"/>
          </IsNetStyle>
          <IsNoConnect>
            <Defn val="0"/>
          </IsNoConnect>
          <IsGlobal>
            <Defn val="0"/>
          </IsGlobal>
          <IsNumberVisible>
            <Defn val="1"/>
          </IsNumberVisible>
        </SymbolPinScalar>
        <SymbolPinScalar>
          <Defn hotptX="-20" hotptY="140" name="SW2_OA" position="13" startX="0" startY="140" type="4" visible="1"/>
          <IsLong>
            <Defn val="0"/>
          </IsLong>
          <IsClock>
            <Defn val="0"/>
          </IsClock>
          <IsDot>
            <Defn val="0"/>
          </IsDot>
          <IsLeftPointing>
            <Defn val="0"/>
          </IsLeftPointing>
          <IsRightPointing>
            <Defn val="0"/>
          </IsRightPointing>
          <IsNetStyle>
            <Defn val="0"/>
          </IsNetStyle>
          <IsNoConnect>
            <Defn val="0"/>
          </IsNoConnect>
          <IsGlobal>
            <Defn val="0"/>
          </IsGlobal>
          <IsNumberVisible>
            <Defn val="1"/>
          </IsNumberVisible>
        </SymbolPinScalar>
        <SymbolPinScalar>
          <Defn hotptX="-20" hotptY="150" name="LDO" position="14" startX="0" startY="150" type="4" visible="1"/>
          <IsLong>
            <Defn val="0"/>
          </IsLong>
          <IsClock>
            <Defn val="0"/>
          </IsClock>
          <IsDot>
            <Defn val="0"/>
          </IsDot>
          <IsLeftPointing>
            <Defn val="0"/>
          </IsLeftPointing>
          <IsRightPointing>
            <Defn val="0"/>
          </IsRightPointing>
          <IsNetStyle>
            <Defn val="0"/>
          </IsNetStyle>
          <IsNoConnect>
            <Defn val="0"/>
          </IsNoConnect>
          <IsGlobal>
            <Defn val="0"/>
          </IsGlobal>
          <IsNumberVisible>
            <Defn val="1"/>
          </IsNumberVisible>
        </SymbolPinScalar>
        <SymbolPinScalar>
          <Defn hotptX="150" hotptY="10" name="BATSNSFV" position="15" startX="130" startY="10" type="4" visible="1"/>
          <IsLong>
            <Defn val="0"/>
          </IsLong>
          <IsClock>
            <Defn val="0"/>
          </IsClock>
          <IsDot>
            <Defn val="0"/>
          </IsDot>
          <IsLeftPointing>
            <Defn val="0"/>
          </IsLeftPointing>
          <IsRightPointing>
            <Defn val="0"/>
          </IsRightPointing>
          <IsNetStyle>
            <Defn val="0"/>
          </IsNetStyle>
          <IsNoConnect>
            <Defn val="0"/>
          </IsNoConnect>
          <IsGlobal>
            <Defn val="0"/>
          </IsGlobal>
          <IsNumberVisible>
            <Defn val="1"/>
          </IsNumberVisible>
        </SymbolPinScalar>
        <SymbolPinScalar>
          <Defn hotptX="150" hotptY="20" name="ISET" position="16" startX="130" startY="20" type="4" visible="1"/>
          <IsLong>
            <Defn val="0"/>
          </IsLong>
          <IsClock>
            <Defn val="0"/>
          </IsClock>
          <IsDot>
            <Defn val="0"/>
          </IsDot>
          <IsLeftPointing>
            <Defn val="0"/>
          </IsLeftPointing>
          <IsRightPointing>
            <Defn val="0"/>
          </IsRightPointing>
          <IsNetStyle>
            <Defn val="0"/>
          </IsNetStyle>
          <IsNoConnect>
            <Defn val="0"/>
          </IsNoConnect>
          <IsGlobal>
            <Defn val="0"/>
          </IsGlobal>
          <IsNumberVisible>
            <Defn val="1"/>
          </IsNumberVisible>
        </SymbolPinScalar>
        <SymbolPinScalar>
          <Defn hotptX="150" hotptY="30" name="CEN" position="17" startX="130" startY="30" type="4" visible="1"/>
          <IsLong>
            <Defn val="0"/>
          </IsLong>
          <IsClock>
            <Defn val="0"/>
          </IsClock>
          <IsDot>
            <Defn val="0"/>
          </IsDot>
          <IsLeftPointing>
            <Defn val="0"/>
          </IsLeftPointing>
          <IsRightPointing>
            <Defn val="0"/>
          </IsRightPointing>
          <IsNetStyle>
            <Defn val="0"/>
          </IsNetStyle>
          <IsNoConnect>
            <Defn val="0"/>
          </IsNoConnect>
          <IsGlobal>
            <Defn val="0"/>
          </IsGlobal>
          <IsNumberVisible>
            <Defn val="1"/>
          </IsNumberVisible>
        </SymbolPinScalar>
        <SymbolPinScalar>
          <Defn hotptX="150" hotptY="40" name="BATSNS" position="18" startX="130" startY="40" type="4" visible="1"/>
          <IsLong>
            <Defn val="0"/>
          </IsLong>
          <IsClock>
            <Defn val="0"/>
          </IsClock>
          <IsDot>
            <Defn val="0"/>
          </IsDot>
          <IsLeftPointing>
            <Defn val="0"/>
          </IsLeftPointing>
          <IsRightPointing>
            <Defn val="0"/>
          </IsRightPointing>
          <IsNetStyle>
            <Defn val="0"/>
          </IsNetStyle>
          <IsNoConnect>
            <Defn val="0"/>
          </IsNoConnect>
          <IsGlobal>
            <Defn val="0"/>
          </IsGlobal>
          <IsNumberVisible>
            <Defn val="1"/>
          </IsNumberVisible>
        </SymbolPinScalar>
        <SymbolPinScalar>
          <Defn hotptX="150" hotptY="50" name="BAT_2" position="19" startX="130" startY="50" type="4" visible="1"/>
          <IsLong>
            <Defn val="0"/>
          </IsLong>
          <IsClock>
            <Defn val="0"/>
          </IsClock>
          <IsDot>
            <Defn val="0"/>
          </IsDot>
          <IsLeftPointing>
            <Defn val="0"/>
          </IsLeftPointing>
          <IsRightPointing>
            <Defn val="0"/>
          </IsRightPointing>
          <IsNetStyle>
            <Defn val="0"/>
          </IsNetStyle>
          <IsNoConnect>
            <Defn val="0"/>
          </IsNoConnect>
          <IsGlobal>
            <Defn val="0"/>
          </IsGlobal>
          <IsNumberVisible>
            <Defn val="1"/>
          </IsNumberVisible>
        </SymbolPinScalar>
        <SymbolPinScalar>
          <Defn hotptX="150" hotptY="60" name="NRESET" position="20" startX="130" startY="60" type="4" visible="1"/>
          <IsLong>
            <Defn val="0"/>
          </IsLong>
          <IsClock>
            <Defn val="0"/>
          </IsClock>
          <IsDot>
            <Defn val="0"/>
          </IsDot>
          <IsLeftPointing>
            <Defn val="0"/>
          </IsLeftPointing>
          <IsRightPointing>
            <Defn val="0"/>
          </IsRightPointing>
          <IsNetStyle>
            <Defn val="0"/>
          </IsNetStyle>
          <IsNoConnect>
            <Defn val="0"/>
          </IsNoConnect>
          <IsGlobal>
            <Defn val="0"/>
          </IsGlobal>
          <IsNumberVisible>
            <Defn val="1"/>
          </IsNumberVisible>
        </SymbolPinScalar>
        <SymbolPinScalar>
          <Defn hotptX="150" hotptY="70" name="BATMS" position="21" startX="130" startY="70" type="4" visible="1"/>
          <IsLong>
            <Defn val="0"/>
          </IsLong>
          <IsClock>
            <Defn val="0"/>
          </IsClock>
          <IsDot>
            <Defn val="0"/>
          </IsDot>
          <IsLeftPointing>
            <Defn val="0"/>
          </IsLeftPointing>
          <IsRightPointing>
            <Defn val="0"/>
          </IsRightPointing>
          <IsNetStyle>
            <Defn val="0"/>
          </IsNetStyle>
          <IsNoConnect>
            <Defn val="0"/>
          </IsNoConnect>
          <IsGlobal>
            <Defn val="0"/>
          </IsGlobal>
          <IsNumberVisible>
            <Defn val="1"/>
          </IsNumberVisible>
        </SymbolPinScalar>
        <SymbolPinScalar>
          <Defn hotptX="150" hotptY="80" name="NTC" position="22" startX="130" startY="80" type="4" visible="1"/>
          <IsLong>
            <Defn val="0"/>
          </IsLong>
          <IsClock>
            <Defn val="0"/>
          </IsClock>
          <IsDot>
            <Defn val="0"/>
          </IsDot>
          <IsLeftPointing>
            <Defn val="0"/>
          </IsLeftPointing>
          <IsRightPointing>
            <Defn val="0"/>
          </IsRightPointing>
          <IsNetStyle>
            <Defn val="0"/>
          </IsNetStyle>
          <IsNoConnect>
            <Defn val="0"/>
          </IsNoConnect>
          <IsGlobal>
            <Defn val="0"/>
          </IsGlobal>
          <IsNumberVisible>
            <Defn val="1"/>
          </IsNumberVisible>
        </SymbolPinScalar>
        <SymbolPinScalar>
          <Defn hotptX="150" hotptY="90" name="NC_2" position="23" startX="130" startY="90" type="4" visible="1"/>
          <IsLong>
            <Defn val="0"/>
          </IsLong>
          <IsClock>
            <Defn val="0"/>
          </IsClock>
          <IsDot>
            <Defn val="0"/>
          </IsDot>
          <IsLeftPointing>
            <Defn val="0"/>
          </IsLeftPointing>
          <IsRightPointing>
            <Defn val="0"/>
          </IsRightPointing>
          <IsNetStyle>
            <Defn val="0"/>
          </IsNetStyle>
          <IsNoConnect>
            <Defn val="0"/>
          </IsNoConnect>
          <IsGlobal>
            <Defn val="0"/>
          </IsGlobal>
          <IsNumberVisible>
            <Defn val="1"/>
          </IsNumberVisible>
        </SymbolPinScalar>
        <SymbolPinScalar>
          <Defn hotptX="150" hotptY="100" name="SYS_2" position="24" startX="130" startY="100" type="4" visible="1"/>
          <IsLong>
            <Defn val="0"/>
          </IsLong>
          <IsClock>
            <Defn val="0"/>
          </IsClock>
          <IsDot>
            <Defn val="0"/>
          </IsDot>
          <IsLeftPointing>
            <Defn val="0"/>
          </IsLeftPointing>
          <IsRightPointing>
            <Defn val="0"/>
          </IsRightPointing>
          <IsNetStyle>
            <Defn val="0"/>
          </IsNetStyle>
          <IsNoConnect>
            <Defn val="0"/>
          </IsNoConnect>
          <IsGlobal>
            <Defn val="0"/>
          </IsGlobal>
          <IsNumberVisible>
            <Defn val="1"/>
          </IsNumberVisible>
        </SymbolPinScalar>
        <SymbolPinScalar>
          <Defn hotptX="150" hotptY="110" name="SW2_I" position="25" startX="130" startY="110" type="4" visible="1"/>
          <IsLong>
            <Defn val="0"/>
          </IsLong>
          <IsClock>
            <Defn val="0"/>
          </IsClock>
          <IsDot>
            <Defn val="0"/>
          </IsDot>
          <IsLeftPointing>
            <Defn val="0"/>
          </IsLeftPointing>
          <IsRightPointing>
            <Defn val="0"/>
          </IsRightPointing>
          <IsNetStyle>
            <Defn val="0"/>
          </IsNetStyle>
          <IsNoConnect>
            <Defn val="0"/>
          </IsNoConnect>
          <IsGlobal>
            <Defn val="0"/>
          </IsGlobal>
          <IsNumberVisible>
            <Defn val="1"/>
          </IsNumberVisible>
        </SymbolPinScalar>
        <SymbolPinScalar>
          <Defn hotptX="150" hotptY="120" name="SW1_OA" position="26" startX="130" startY="120" type="4" visible="1"/>
          <IsLong>
            <Defn val="0"/>
          </IsLong>
          <IsClock>
            <Defn val="0"/>
          </IsClock>
          <IsDot>
            <Defn val="0"/>
          </IsDot>
          <IsLeftPointing>
            <Defn val="0"/>
          </IsLeftPointing>
          <IsRightPointing>
            <Defn val="0"/>
          </IsRightPointing>
          <IsNetStyle>
            <Defn val="0"/>
          </IsNetStyle>
          <IsNoConnect>
            <Defn val="0"/>
          </IsNoConnect>
          <IsGlobal>
            <Defn val="0"/>
          </IsGlobal>
          <IsNumberVisible>
            <Defn val="1"/>
          </IsNumberVisible>
        </SymbolPinScalar>
        <SymbolPinScalar>
          <Defn hotptX="150" hotptY="130" name="SW2_OB" position="27" startX="130" startY="130" type="4" visible="1"/>
          <IsLong>
            <Defn val="0"/>
          </IsLong>
          <IsClock>
            <Defn val="0"/>
          </IsClock>
          <IsDot>
            <Defn val="0"/>
          </IsDot>
          <IsLeftPointing>
            <Defn val="0"/>
          </IsLeftPointing>
          <IsRightPointing>
            <Defn val="0"/>
          </IsRightPointing>
          <IsNetStyle>
            <Defn val="0"/>
          </IsNetStyle>
          <IsNoConnect>
            <Defn val="0"/>
          </IsNoConnect>
          <IsGlobal>
            <Defn val="0"/>
          </IsGlobal>
          <IsNumberVisible>
            <Defn val="1"/>
          </IsNumberVisible>
        </SymbolPinScalar>
        <SymbolPinScalar>
          <Defn hotptX="150" hotptY="140" name="SW1_I" position="28" startX="130" startY="140" type="4" visible="1"/>
          <IsLong>
            <Defn val="0"/>
          </IsLong>
          <IsClock>
            <Defn val="0"/>
          </IsClock>
          <IsDot>
            <Defn val="0"/>
          </IsDot>
          <IsLeftPointing>
            <Defn val="0"/>
          </IsLeftPointing>
          <IsRightPointing>
            <Defn val="0"/>
          </IsRightPointing>
          <IsNetStyle>
            <Defn val="0"/>
          </IsNetStyle>
          <IsNoConnect>
            <Defn val="0"/>
          </IsNoConnect>
          <IsGlobal>
            <Defn val="0"/>
          </IsGlobal>
          <IsNumberVisible>
            <Defn val="1"/>
          </IsNumberVisible>
        </SymbolPinScalar>
        <SymbolPinScalar>
          <Defn hotptX="150" hotptY="150" name="IN_2" position="29" startX="130" startY="150" type="4" visible="1"/>
          <IsLong>
            <Defn val="0"/>
          </IsLong>
          <IsClock>
            <Defn val="0"/>
          </IsClock>
          <IsDot>
            <Defn val="0"/>
          </IsDot>
          <IsLeftPointing>
            <Defn val="0"/>
          </IsLeftPointing>
          <IsRightPointing>
            <Defn val="0"/>
          </IsRightPointing>
          <IsNetStyle>
            <Defn val="0"/>
          </IsNetStyle>
          <IsNoConnect>
            <Defn val="0"/>
          </IsNoConnect>
          <IsGlobal>
            <Defn val="0"/>
          </IsGlobal>
          <IsNumberVisible>
            <Defn val="1"/>
          </IsNumberVisible>
        </SymbolPinScalar>
      </NormalView>
      <PhysicalPart>
        <Defn/>
        <PinNumber>
          <Defn number="A1" position="0"/>
        </PinNumber>
        <PinNumber>
          <Defn number="A3" position="1"/>
        </PinNumber>
        <PinNumber>
          <Defn number="A5" position="2"/>
        </PinNumber>
        <PinNumber>
          <Defn number="B2" position="3"/>
        </PinNumber>
        <PinNumber>
          <Defn number="B4" position="4"/>
        </PinNumber>
        <PinNumber>
          <Defn number="C1" position="5"/>
        </PinNumber>
        <PinNumber>
          <Defn number="C3" position="6"/>
        </PinNumber>
        <PinNumber>
          <Defn number="C5" position="7"/>
        </PinNumber>
        <PinNumber>
          <Defn number="D2" position="8"/>
        </PinNumber>
        <PinNumber>
          <Defn number="D4" position="9"/>
        </PinNumber>
        <PinNumber>
          <Defn number="E1" position="10"/>
        </PinNumber>
        <PinNumber>
          <Defn number="E3" position="11"/>
        </PinNumber>
        <PinNumber>
          <Defn number="E5" position="12"/>
        </PinNumber>
        <PinNumber>
          <Defn number="F2" position="13"/>
        </PinNumber>
        <PinNumber>
          <Defn number="F4" position="14"/>
        </PinNumber>
        <PinNumber>
          <Defn number="A2" position="15"/>
        </PinNumber>
        <PinNumber>
          <Defn number="A4" position="16"/>
        </PinNumber>
        <PinNumber>
          <Defn number="B1" position="17"/>
        </PinNumber>
        <PinNumber>
          <Defn number="B3" position="18"/>
        </PinNumber>
        <PinNumber>
          <Defn number="B5" position="19"/>
        </PinNumber>
        <PinNumber>
          <Defn number="C2" position="20"/>
        </PinNumber>
        <PinNumber>
          <Defn number="C4" position="21"/>
        </PinNumber>
        <PinNumber>
          <Defn number="D1" position="22"/>
        </PinNumber>
        <PinNumber>
          <Defn number="D3" position="23"/>
        </PinNumber>
        <PinNumber>
          <Defn number="D5" position="24"/>
        </PinNumber>
        <PinNumber>
          <Defn number="E2" position="25"/>
        </PinNumber>
        <PinNumber>
          <Defn number="E4" position="26"/>
        </PinNumber>
        <PinNumber>
          <Defn number="F1" position="27"/>
        </PinNumber>
        <PinNumber>
          <Defn number="F3" position="28"/>
        </PinNumber>
        <PinNumber>
          <Defn number="F5" position="29"/>
        </PinNumber>
      </PhysicalPart>
    </LibPart>
  </Package>

</Lib>
