<?xml version="1.0" encoding="UTF-8" standalone="no" ?>
<Lib xmlns:xsd="http://www.w3.org/2001/XMLSchema" xmlns:xsi="http://www.w3.org/2001/XMLSchema-instance" xsi:noNamespaceSchemaLocation="olb.xsd">

  <Defn name="C:\TEMP\SPBTLE-1S.OLB"/>

  <DefaultValues>
    <Defn/>
    <DefaultFont>
      <Defn escapement="0" height="-9" index="0" italic="0" name="Arial" orientation="0" weight="400" width="4"/>
    </DefaultFont>
    <DefaultFont>
      <Defn escapement="0" height="-9" index="1" italic="0" name="Arial" orientation="0" weight="400" width="4"/>
    </DefaultFont>
    <DefaultFont>
      <Defn escapement="0" height="-9" index="2" italic="0" name="Arial" orientation="0" weight="400" width="4"/>
    </DefaultFont>
    <DefaultFont>
      <Defn escapement="0" height="8" index="3" italic="0" name="Arial" orientation="0" weight="400" width="0"/>
    </DefaultFont>
    <DefaultFont>
      <Defn escapement="0" height="8" index="4" italic="0" name="Arial" orientation="0" weight="400" width="0"/>
    </DefaultFont>
    <DefaultFont>
      <Defn escapement="0" height="-9" index="5" italic="0" name="Arial" orientation="0" weight="400" width="4"/>
    </DefaultFont>
    <DefaultFont>
      <Defn escapement="0" height="-9" index="6" italic="0" name="Arial" orientation="0" weight="400" width="4"/>
    </DefaultFont>
    <DefaultFont>
      <Defn escapement="0" height="-9" index="7" italic="0" name="Arial" orientation="0" weight="400" width="4"/>
    </DefaultFont>
    <DefaultFont>
      <Defn escapement="0" height="-9" index="8" italic="0" name="Arial" orientation="0" weight="400" width="4"/>
    </DefaultFont>
    <DefaultFont>
      <Defn escapement="0" height="-9" index="9" italic="0" name="Arial" orientation="0" weight="400" width="4"/>
    </DefaultFont>
    <DefaultFont>
      <Defn escapement="0" height="-9" index="10" italic="0" name="Arial" orientation="0" weight="400" width="4"/>
    </DefaultFont>
    <DefaultFont>
      <Defn escapement="0" height="-9" index="11" italic="0" name="Arial" orientation="0" weight="400" width="4"/>
    </DefaultFont>
    <DefaultFont>
      <Defn escapement="0" height="-9" index="12" italic="0" name="Arial" orientation="0" weight="400" width="4"/>
    </DefaultFont>
    <DefaultFont>
      <Defn escapement="0" height="-9" index="13" italic="0" name="Courier New" orientation="0" weight="400" width="5"/>
    </DefaultFont>
    <DefaultFont>
      <Defn escapement="0" height="-9" index="14" italic="0" name="Arial" orientation="0" weight="400" width="4"/>
    </DefaultFont>
    <DefaultFont>
      <Defn escapement="0" height="-9" index="15" italic="0" name="Arial" orientation="0" weight="400" width="4"/>
    </DefaultFont>
    <DefaultFont>
      <Defn escapement="0" height="-9" index="16" italic="0" name="Arial" orientation="0" weight="400" width="4"/>
    </DefaultFont>
    <DefaultFont>
      <Defn escapement="0" height="8" index="17" italic="0" name="Arial" orientation="0" weight="400" width="0"/>
    </DefaultFont>
    <DefaultFont>
      <Defn escapement="0" height="8" index="18" italic="0" name="Arial" orientation="0" weight="400" width="0"/>
    </DefaultFont>
    <DefaultFont>
      <Defn escapement="0" height="8" index="19" italic="0" name="Arial" orientation="0" weight="400" width="0"/>
    </DefaultFont>
    <DefaultFont>
      <Defn escapement="0" height="8" index="20" italic="0" name="Arial" orientation="0" weight="400" width="0"/>
    </DefaultFont>
    <DefaultFont>
      <Defn escapement="0" height="8" index="21" italic="0" name="Arial" orientation="0" weight="400" width="0"/>
    </DefaultFont>
    <DefaultFont>
      <Defn escapement="0" height="8" index="22" italic="0" name="Arial" orientation="0" weight="400" width="0"/>
    </DefaultFont>
    <DefaultFont>
      <Defn escapement="0" height="8" index="23" italic="0" name="Arial" orientation="0" weight="400" width="0"/>
    </DefaultFont>
    <DefaultPageRec>
      <Defn ANSIGridRefs="1" BorderDisplayed="1" BorderPrinted="1" GridRefDisplayed="1" GridRefPrinted="1" HorizontalLabelCount="5" HorizontalLabelIsAscending="0" HorizontalLabelIsChar="0" HorizontalLabelWidth="100" IsMetric="0" PinToPin="100" TitleBlockDisplayed="1" TitleBlockPrinted="1" VerticalLabelCount="4" VerticalLabelIsAscending="0" VerticalLabelIsChar="1" VerticalLabelWidth="100"/>
    </DefaultPageRec>
    <DefaultPlacedInstIsPrimitive>
      <Defn val="0"/>
    </DefaultPlacedInstIsPrimitive>
    <DefaultDrawnInstIsPrimitive>
      <Defn val="0"/>
    </DefaultDrawnInstIsPrimitive>
    <DefaultPartFieldMapping>
      <Defn index="1" val="1ST PART FIELD"/>
    </DefaultPartFieldMapping>
    <DefaultPartFieldMapping>
      <Defn index="2" val="2ND PART FIELD"/>
    </DefaultPartFieldMapping>
    <DefaultPartFieldMapping>
      <Defn index="3" val="3RD PART FIELD"/>
    </DefaultPartFieldMapping>
    <DefaultPartFieldMapping>
      <Defn index="4" val="4TH PART FIELD"/>
    </DefaultPartFieldMapping>
    <DefaultPartFieldMapping>
      <Defn index="5" val="5TH PART FIELD"/>
    </DefaultPartFieldMapping>
    <DefaultPartFieldMapping>
      <Defn index="6" val="6TH PART FIELD"/>
    </DefaultPartFieldMapping>
    <DefaultPartFieldMapping>
      <Defn index="7" val="7TH PART FIELD"/>
    </DefaultPartFieldMapping>
    <DefaultPartFieldMapping>
      <Defn index="8" val="PCB Footprint"/>
    </DefaultPartFieldMapping>
  </DefaultValues>
  <Package>
    <Defn alphabeticNumbering="2" isHomogeneous="1" name="SPBTLE-1S" pcbFootprint="SPBTLE1S" pcbLib="" refdesPrefix="IC"/>
    <LibPart>
      <Defn CellName="SPBTLE-1S"/>
      <NormalView>
        <Defn suffix=".Normal"/>
        <SymbolDisplayProp>
          <Defn locX="105" locY="-25" name="Part Reference" rotation="0" textJustification="1"/>
          <PropFont>
            <Defn escapement="0" height="-9" italic="0" name="Arial" orientation="0" weight="400" width="4"/>
          </PropFont>
          <PropColor>
            <Defn val="48"/>
          </PropColor>
          <PropDispType>
            <Defn ValueIfValueExist="0" val="1"/>
          </PropDispType>
        </SymbolDisplayProp>
        <SymbolDisplayProp>
          <Defn locX="105" locY="-15" name="Value" rotation="0" textJustification="1"/>
          <PropFont>
            <Defn escapement="0" height="-9" italic="0" name="Arial" orientation="0" weight="400" width="4"/>
          </PropFont>
          <PropColor>
            <Defn val="48"/>
          </PropColor>
          <PropDispType>
            <Defn ValueIfValueExist="0" val="1"/>
          </PropDispType>
        </SymbolDisplayProp>
        <SymbolUserProp>
          <Defn name="Mouser Part Number" val="511-SPBTLE-1S"/>
        </SymbolUserProp>
        <SymbolUserProp>
          <Defn name="Mouser Price/Stock" val="https://www.mouser.co.uk/ProductDetail/STMicroelectronics/SPBTLE-1S?qs=HXFqYaX1Q2xbam0aR1lWYQ%3D%3D"/>
        </SymbolUserProp>
        <SymbolUserProp>
          <Defn name="Manufacturer_Name" val="STMicroelectronics"/>
        </SymbolUserProp>
        <SymbolUserProp>
          <Defn name="Manufacturer_Part_Number" val="SPBTLE-1S"/>
        </SymbolUserProp>
        <SymbolUserProp>
          <Defn name="Description" val="STMicroelectronics SPBTLE-1S Bluetooth SoC V4.2"/>
        </SymbolUserProp>
        <SymbolUserProp>
          <Defn name="Datasheet Link" val="https://www.st.com/resource/en/datasheet/spbtle-1s.pdf"/>
        </SymbolUserProp>
        <SymbolUserProp>
          <Defn name="Height" val="5 mm"/>
        </SymbolUserProp>
        <SymbolColor>
          <Defn val="48"/>
        </SymbolColor>
        <SymbolBBox>
          <Defn x1="0" x2="100" y1="0" y2="190"/>
        </SymbolBBox>
        <IsPinNumbersVisible>
          <Defn val="1"/>
        </IsPinNumbersVisible>
        <IsPinNamesRotated>
          <Defn val="1"/>
        </IsPinNamesRotated>
        <IsPinNamesVisible>
          <Defn val="1"/>
        </IsPinNamesVisible>
        <ContentsLibName>
          <Defn name=""/>
        </ContentsLibName>
        <ContentsViewName>
          <Defn name=""/>
        </ContentsViewName>
        <ContentsViewType>
          <Defn type="0"/>
        </ContentsViewType>
        <PartValue>
          <Defn name="SPBTLE-1S"/>
        </PartValue>
        <Reference>
          <Defn name="IC"/>
        </Reference>
        <Line>
          <Defn lineStyle="0" lineWidth="0" x1="0" x2="100" y1="0" y2="0"/>
        </Line>
        <Line>
          <Defn lineStyle="0" lineWidth="0" x1="100" x2="100" y1="190" y2="0"/>
        </Line>
        <Line>
          <Defn lineStyle="0" lineWidth="0" x1="100" x2="0" y1="190" y2="190"/>
        </Line>
        <Line>
          <Defn lineStyle="0" lineWidth="0" x1="0" x2="0" y1="0" y2="190"/>
        </Line>
        <SymbolPinScalar>
          <Defn hotptX="-20" hotptY="50" name="ADC2" position="0" startX="0" startY="50" type="4" visible="1"/>
          <IsLong>
            <Defn val="0"/>
          </IsLong>
          <IsClock>
            <Defn val="0"/>
          </IsClock>
          <IsDot>
            <Defn val="0"/>
          </IsDot>
          <IsLeftPointing>
            <Defn val="0"/>
          </IsLeftPointing>
          <IsRightPointing>
            <Defn val="0"/>
          </IsRightPointing>
          <IsNetStyle>
            <Defn val="0"/>
          </IsNetStyle>
          <IsNoConnect>
            <Defn val="0"/>
          </IsNoConnect>
          <IsGlobal>
            <Defn val="0"/>
          </IsGlobal>
          <IsNumberVisible>
            <Defn val="1"/>
          </IsNumberVisible>
        </SymbolPinScalar>
        <SymbolPinScalar>
          <Defn hotptX="-20" hotptY="60" name="ADC1" position="1" startX="0" startY="60" type="4" visible="1"/>
          <IsLong>
            <Defn val="0"/>
          </IsLong>
          <IsClock>
            <Defn val="0"/>
          </IsClock>
          <IsDot>
            <Defn val="0"/>
          </IsDot>
          <IsLeftPointing>
            <Defn val="0"/>
          </IsLeftPointing>
          <IsRightPointing>
            <Defn val="0"/>
          </IsRightPointing>
          <IsNetStyle>
            <Defn val="0"/>
          </IsNetStyle>
          <IsNoConnect>
            <Defn val="0"/>
          </IsNoConnect>
          <IsGlobal>
            <Defn val="0"/>
          </IsGlobal>
          <IsNumberVisible>
            <Defn val="1"/>
          </IsNumberVisible>
        </SymbolPinScalar>
        <SymbolPinScalar>
          <Defn hotptX="-20" hotptY="70" name="DIO4" position="2" startX="0" startY="70" type="4" visible="1"/>
          <IsLong>
            <Defn val="0"/>
          </IsLong>
          <IsClock>
            <Defn val="0"/>
          </IsClock>
          <IsDot>
            <Defn val="0"/>
          </IsDot>
          <IsLeftPointing>
            <Defn val="0"/>
          </IsLeftPointing>
          <IsRightPointing>
            <Defn val="0"/>
          </IsRightPointing>
          <IsNetStyle>
            <Defn val="0"/>
          </IsNetStyle>
          <IsNoConnect>
            <Defn val="0"/>
          </IsNoConnect>
          <IsGlobal>
            <Defn val="0"/>
          </IsGlobal>
          <IsNumberVisible>
            <Defn val="1"/>
          </IsNumberVisible>
        </SymbolPinScalar>
        <SymbolPinScalar>
          <Defn hotptX="-20" hotptY="80" name="DIO5" position="3" startX="0" startY="80" type="4" visible="1"/>
          <IsLong>
            <Defn val="0"/>
          </IsLong>
          <IsClock>
            <Defn val="0"/>
          </IsClock>
          <IsDot>
            <Defn val="0"/>
          </IsDot>
          <IsLeftPointing>
            <Defn val="0"/>
          </IsLeftPointing>
          <IsRightPointing>
            <Defn val="0"/>
          </IsRightPointing>
          <IsNetStyle>
            <Defn val="0"/>
          </IsNetStyle>
          <IsNoConnect>
            <Defn val="0"/>
          </IsNoConnect>
          <IsGlobal>
            <Defn val="0"/>
          </IsGlobal>
          <IsNumberVisible>
            <Defn val="1"/>
          </IsNumberVisible>
        </SymbolPinScalar>
        <SymbolPinScalar>
          <Defn hotptX="-20" hotptY="90" name="VIN" position="4" startX="0" startY="90" type="4" visible="1"/>
          <IsLong>
            <Defn val="0"/>
          </IsLong>
          <IsClock>
            <Defn val="0"/>
          </IsClock>
          <IsDot>
            <Defn val="0"/>
          </IsDot>
          <IsLeftPointing>
            <Defn val="0"/>
          </IsLeftPointing>
          <IsRightPointing>
            <Defn val="0"/>
          </IsRightPointing>
          <IsNetStyle>
            <Defn val="0"/>
          </IsNetStyle>
          <IsNoConnect>
            <Defn val="0"/>
          </IsNoConnect>
          <IsGlobal>
            <Defn val="0"/>
          </IsGlobal>
          <IsNumberVisible>
            <Defn val="1"/>
          </IsNumberVisible>
        </SymbolPinScalar>
        <SymbolPinScalar>
          <Defn hotptX="10" hotptY="210" name="ANATEST0/DIO14" position="5" startX="10" startY="190" type="4" visible="1"/>
          <IsLong>
            <Defn val="0"/>
          </IsLong>
          <IsClock>
            <Defn val="0"/>
          </IsClock>
          <IsDot>
            <Defn val="0"/>
          </IsDot>
          <IsLeftPointing>
            <Defn val="0"/>
          </IsLeftPointing>
          <IsRightPointing>
            <Defn val="0"/>
          </IsRightPointing>
          <IsNetStyle>
            <Defn val="0"/>
          </IsNetStyle>
          <IsNoConnect>
            <Defn val="0"/>
          </IsNoConnect>
          <IsGlobal>
            <Defn val="0"/>
          </IsGlobal>
          <IsNumberVisible>
            <Defn val="1"/>
          </IsNumberVisible>
        </SymbolPinScalar>
        <SymbolPinScalar>
          <Defn hotptX="20" hotptY="210" name="DIO7/BOOT" position="6" startX="20" startY="190" type="4" visible="1"/>
          <IsLong>
            <Defn val="0"/>
          </IsLong>
          <IsClock>
            <Defn val="0"/>
          </IsClock>
          <IsDot>
            <Defn val="0"/>
          </IsDot>
          <IsLeftPointing>
            <Defn val="0"/>
          </IsLeftPointing>
          <IsRightPointing>
            <Defn val="0"/>
          </IsRightPointing>
          <IsNetStyle>
            <Defn val="0"/>
          </IsNetStyle>
          <IsNoConnect>
            <Defn val="0"/>
          </IsNoConnect>
          <IsGlobal>
            <Defn val="0"/>
          </IsGlobal>
          <IsNumberVisible>
            <Defn val="1"/>
          </IsNumberVisible>
        </SymbolPinScalar>
        <SymbolPinScalar>
          <Defn hotptX="30" hotptY="210" name="GND" position="7" startX="30" startY="190" type="4" visible="1"/>
          <IsLong>
            <Defn val="0"/>
          </IsLong>
          <IsClock>
            <Defn val="0"/>
          </IsClock>
          <IsDot>
            <Defn val="0"/>
          </IsDot>
          <IsLeftPointing>
            <Defn val="0"/>
          </IsLeftPointing>
          <IsRightPointing>
            <Defn val="0"/>
          </IsRightPointing>
          <IsNetStyle>
            <Defn val="0"/>
          </IsNetStyle>
          <IsNoConnect>
            <Defn val="0"/>
          </IsNoConnect>
          <IsGlobal>
            <Defn val="0"/>
          </IsGlobal>
          <IsNumberVisible>
            <Defn val="1"/>
          </IsNumberVisible>
        </SymbolPinScalar>
        <SymbolPinScalar>
          <Defn hotptX="40" hotptY="210" name="DIO6" position="8" startX="40" startY="190" type="4" visible="1"/>
          <IsLong>
            <Defn val="0"/>
          </IsLong>
          <IsClock>
            <Defn val="0"/>
          </IsClock>
          <IsDot>
            <Defn val="0"/>
          </IsDot>
          <IsLeftPointing>
            <Defn val="0"/>
          </IsLeftPointing>
          <IsRightPointing>
            <Defn val="0"/>
          </IsRightPointing>
          <IsNetStyle>
            <Defn val="0"/>
          </IsNetStyle>
          <IsNoConnect>
            <Defn val="0"/>
          </IsNoConnect>
          <IsGlobal>
            <Defn val="0"/>
          </IsGlobal>
          <IsNumberVisible>
            <Defn val="1"/>
          </IsNumberVisible>
        </SymbolPinScalar>
        <SymbolPinScalar>
          <Defn hotptX="50" hotptY="210" name="DIO8" position="9" startX="50" startY="190" type="4" visible="1"/>
          <IsLong>
            <Defn val="0"/>
          </IsLong>
          <IsClock>
            <Defn val="0"/>
          </IsClock>
          <IsDot>
            <Defn val="0"/>
          </IsDot>
          <IsLeftPointing>
            <Defn val="0"/>
          </IsLeftPointing>
          <IsRightPointing>
            <Defn val="0"/>
          </IsRightPointing>
          <IsNetStyle>
            <Defn val="0"/>
          </IsNetStyle>
          <IsNoConnect>
            <Defn val="0"/>
          </IsNoConnect>
          <IsGlobal>
            <Defn val="0"/>
          </IsGlobal>
          <IsNumberVisible>
            <Defn val="1"/>
          </IsNumberVisible>
        </SymbolPinScalar>
        <SymbolPinScalar>
          <Defn hotptX="60" hotptY="210" name="DIO11" position="10" startX="60" startY="190" type="4" visible="1"/>
          <IsLong>
            <Defn val="0"/>
          </IsLong>
          <IsClock>
            <Defn val="0"/>
          </IsClock>
          <IsDot>
            <Defn val="0"/>
          </IsDot>
          <IsLeftPointing>
            <Defn val="0"/>
          </IsLeftPointing>
          <IsRightPointing>
            <Defn val="0"/>
          </IsRightPointing>
          <IsNetStyle>
            <Defn val="0"/>
          </IsNetStyle>
          <IsNoConnect>
            <Defn val="0"/>
          </IsNoConnect>
          <IsGlobal>
            <Defn val="0"/>
          </IsGlobal>
          <IsNumberVisible>
            <Defn val="1"/>
          </IsNumberVisible>
        </SymbolPinScalar>
        <SymbolPinScalar>
          <Defn hotptX="70" hotptY="210" name="DIO9" position="11" startX="70" startY="190" type="4" visible="1"/>
          <IsLong>
            <Defn val="0"/>
          </IsLong>
          <IsClock>
            <Defn val="0"/>
          </IsClock>
          <IsDot>
            <Defn val="0"/>
          </IsDot>
          <IsLeftPointing>
            <Defn val="0"/>
          </IsLeftPointing>
          <IsRightPointing>
            <Defn val="0"/>
          </IsRightPointing>
          <IsNetStyle>
            <Defn val="0"/>
          </IsNetStyle>
          <IsNoConnect>
            <Defn val="0"/>
          </IsNoConnect>
          <IsGlobal>
            <Defn val="0"/>
          </IsGlobal>
          <IsNumberVisible>
            <Defn val="1"/>
          </IsNumberVisible>
        </SymbolPinScalar>
        <SymbolPinScalar>
          <Defn hotptX="80" hotptY="210" name="DIO10" position="12" startX="80" startY="190" type="4" visible="1"/>
          <IsLong>
            <Defn val="0"/>
          </IsLong>
          <IsClock>
            <Defn val="0"/>
          </IsClock>
          <IsDot>
            <Defn val="0"/>
          </IsDot>
          <IsLeftPointing>
            <Defn val="0"/>
          </IsLeftPointing>
          <IsRightPointing>
            <Defn val="0"/>
          </IsRightPointing>
          <IsNetStyle>
            <Defn val="0"/>
          </IsNetStyle>
          <IsNoConnect>
            <Defn val="0"/>
          </IsNoConnect>
          <IsGlobal>
            <Defn val="0"/>
          </IsGlobal>
          <IsNumberVisible>
            <Defn val="1"/>
          </IsNumberVisible>
        </SymbolPinScalar>
        <SymbolPinScalar>
          <Defn hotptX="90" hotptY="210" name="ANATES1" position="13" startX="90" startY="190" type="4" visible="1"/>
          <IsLong>
            <Defn val="0"/>
          </IsLong>
          <IsClock>
            <Defn val="0"/>
          </IsClock>
          <IsDot>
            <Defn val="0"/>
          </IsDot>
          <IsLeftPointing>
            <Defn val="0"/>
          </IsLeftPointing>
          <IsRightPointing>
            <Defn val="0"/>
          </IsRightPointing>
          <IsNetStyle>
            <Defn val="0"/>
          </IsNetStyle>
          <IsNoConnect>
            <Defn val="0"/>
          </IsNoConnect>
          <IsGlobal>
            <Defn val="0"/>
          </IsGlobal>
          <IsNumberVisible>
            <Defn val="1"/>
          </IsNumberVisible>
        </SymbolPinScalar>
        <SymbolPinScalar>
          <Defn hotptX="120" hotptY="100" name="DIO0" position="14" startX="100" startY="100" type="4" visible="1"/>
          <IsLong>
            <Defn val="0"/>
          </IsLong>
          <IsClock>
            <Defn val="0"/>
          </IsClock>
          <IsDot>
            <Defn val="0"/>
          </IsDot>
          <IsLeftPointing>
            <Defn val="0"/>
          </IsLeftPointing>
          <IsRightPointing>
            <Defn val="0"/>
          </IsRightPointing>
          <IsNetStyle>
            <Defn val="0"/>
          </IsNetStyle>
          <IsNoConnect>
            <Defn val="0"/>
          </IsNoConnect>
          <IsGlobal>
            <Defn val="0"/>
          </IsGlobal>
          <IsNumberVisible>
            <Defn val="1"/>
          </IsNumberVisible>
        </SymbolPinScalar>
        <SymbolPinScalar>
          <Defn hotptX="120" hotptY="90" name="DIO2" position="15" startX="100" startY="90" type="4" visible="1"/>
          <IsLong>
            <Defn val="0"/>
          </IsLong>
          <IsClock>
            <Defn val="0"/>
          </IsClock>
          <IsDot>
            <Defn val="0"/>
          </IsDot>
          <IsLeftPointing>
            <Defn val="0"/>
          </IsLeftPointing>
          <IsRightPointing>
            <Defn val="0"/>
          </IsRightPointing>
          <IsNetStyle>
            <Defn val="0"/>
          </IsNetStyle>
          <IsNoConnect>
            <Defn val="0"/>
          </IsNoConnect>
          <IsGlobal>
            <Defn val="0"/>
          </IsGlobal>
          <IsNumberVisible>
            <Defn val="1"/>
          </IsNumberVisible>
        </SymbolPinScalar>
        <SymbolPinScalar>
          <Defn hotptX="120" hotptY="80" name="DIO3" position="16" startX="100" startY="80" type="4" visible="1"/>
          <IsLong>
            <Defn val="0"/>
          </IsLong>
          <IsClock>
            <Defn val="0"/>
          </IsClock>
          <IsDot>
            <Defn val="0"/>
          </IsDot>
          <IsLeftPointing>
            <Defn val="0"/>
          </IsLeftPointing>
          <IsRightPointing>
            <Defn val="0"/>
          </IsRightPointing>
          <IsNetStyle>
            <Defn val="0"/>
          </IsNetStyle>
          <IsNoConnect>
            <Defn val="0"/>
          </IsNoConnect>
          <IsGlobal>
            <Defn val="0"/>
          </IsGlobal>
          <IsNumberVisible>
            <Defn val="1"/>
          </IsNumberVisible>
        </SymbolPinScalar>
        <SymbolPinScalar>
          <Defn hotptX="120" hotptY="70" name="DIO1" position="17" startX="100" startY="70" type="4" visible="1"/>
          <IsLong>
            <Defn val="0"/>
          </IsLong>
          <IsClock>
            <Defn val="0"/>
          </IsClock>
          <IsDot>
            <Defn val="0"/>
          </IsDot>
          <IsLeftPointing>
            <Defn val="0"/>
          </IsLeftPointing>
          <IsRightPointing>
            <Defn val="0"/>
          </IsRightPointing>
          <IsNetStyle>
            <Defn val="0"/>
          </IsNetStyle>
          <IsNoConnect>
            <Defn val="0"/>
          </IsNoConnect>
          <IsGlobal>
            <Defn val="0"/>
          </IsGlobal>
          <IsNumberVisible>
            <Defn val="1"/>
          </IsNumberVisible>
        </SymbolPinScalar>
        <SymbolPinScalar>
          <Defn hotptX="120" hotptY="60" name="RESETN" position="18" startX="100" startY="60" type="4" visible="1"/>
          <IsLong>
            <Defn val="0"/>
          </IsLong>
          <IsClock>
            <Defn val="0"/>
          </IsClock>
          <IsDot>
            <Defn val="0"/>
          </IsDot>
          <IsLeftPointing>
            <Defn val="0"/>
          </IsLeftPointing>
          <IsRightPointing>
            <Defn val="0"/>
          </IsRightPointing>
          <IsNetStyle>
            <Defn val="0"/>
          </IsNetStyle>
          <IsNoConnect>
            <Defn val="0"/>
          </IsNoConnect>
          <IsGlobal>
            <Defn val="0"/>
          </IsGlobal>
          <IsNumberVisible>
            <Defn val="1"/>
          </IsNumberVisible>
        </SymbolPinScalar>
        <SymbolPinScalar>
          <Defn hotptX="120" hotptY="50" name="DIO12" position="19" startX="100" startY="50" type="4" visible="1"/>
          <IsLong>
            <Defn val="0"/>
          </IsLong>
          <IsClock>
            <Defn val="0"/>
          </IsClock>
          <IsDot>
            <Defn val="0"/>
          </IsDot>
          <IsLeftPointing>
            <Defn val="0"/>
          </IsLeftPointing>
          <IsRightPointing>
            <Defn val="0"/>
          </IsRightPointing>
          <IsNetStyle>
            <Defn val="0"/>
          </IsNetStyle>
          <IsNoConnect>
            <Defn val="0"/>
          </IsNoConnect>
          <IsGlobal>
            <Defn val="0"/>
          </IsGlobal>
          <IsNumberVisible>
            <Defn val="1"/>
          </IsNumberVisible>
        </SymbolPinScalar>
        <SymbolPinScalar>
          <Defn hotptX="60" hotptY="-20" name="N.C._1" position="20" startX="60" startY="0" type="4" visible="1"/>
          <IsLong>
            <Defn val="0"/>
          </IsLong>
          <IsClock>
            <Defn val="0"/>
          </IsClock>
          <IsDot>
            <Defn val="0"/>
          </IsDot>
          <IsLeftPointing>
            <Defn val="0"/>
          </IsLeftPointing>
          <IsRightPointing>
            <Defn val="0"/>
          </IsRightPointing>
          <IsNetStyle>
            <Defn val="0"/>
          </IsNetStyle>
          <IsNoConnect>
            <Defn val="0"/>
          </IsNoConnect>
          <IsGlobal>
            <Defn val="0"/>
          </IsGlobal>
          <IsNumberVisible>
            <Defn val="1"/>
          </IsNumberVisible>
        </SymbolPinScalar>
        <SymbolPinScalar>
          <Defn hotptX="50" hotptY="-20" name="N.C._2" position="21" startX="50" startY="0" type="4" visible="1"/>
          <IsLong>
            <Defn val="0"/>
          </IsLong>
          <IsClock>
            <Defn val="0"/>
          </IsClock>
          <IsDot>
            <Defn val="0"/>
          </IsDot>
          <IsLeftPointing>
            <Defn val="0"/>
          </IsLeftPointing>
          <IsRightPointing>
            <Defn val="0"/>
          </IsRightPointing>
          <IsNetStyle>
            <Defn val="0"/>
          </IsNetStyle>
          <IsNoConnect>
            <Defn val="0"/>
          </IsNoConnect>
          <IsGlobal>
            <Defn val="0"/>
          </IsGlobal>
          <IsNumberVisible>
            <Defn val="1"/>
          </IsNumberVisible>
        </SymbolPinScalar>
        <SymbolPinScalar>
          <Defn hotptX="40" hotptY="-20" name="N.C._3" position="22" startX="40" startY="0" type="4" visible="1"/>
          <IsLong>
            <Defn val="0"/>
          </IsLong>
          <IsClock>
            <Defn val="0"/>
          </IsClock>
          <IsDot>
            <Defn val="0"/>
          </IsDot>
          <IsLeftPointing>
            <Defn val="0"/>
          </IsLeftPointing>
          <IsRightPointing>
            <Defn val="0"/>
          </IsRightPointing>
          <IsNetStyle>
            <Defn val="0"/>
          </IsNetStyle>
          <IsNoConnect>
            <Defn val="0"/>
          </IsNoConnect>
          <IsGlobal>
            <Defn val="0"/>
          </IsGlobal>
          <IsNumberVisible>
            <Defn val="1"/>
          </IsNumberVisible>
        </SymbolPinScalar>
      </NormalView>
      <PhysicalPart>
        <Defn/>
        <PinNumber>
          <Defn number="1" position="0"/>
        </PinNumber>
        <PinNumber>
          <Defn number="2" position="1"/>
        </PinNumber>
        <PinNumber>
          <Defn number="3" position="2"/>
        </PinNumber>
        <PinNumber>
          <Defn number="4" position="3"/>
        </PinNumber>
        <PinNumber>
          <Defn number="5" position="4"/>
        </PinNumber>
        <PinNumber>
          <Defn number="6" position="5"/>
        </PinNumber>
        <PinNumber>
          <Defn number="7" position="6"/>
        </PinNumber>
        <PinNumber>
          <Defn number="8" position="7"/>
        </PinNumber>
        <PinNumber>
          <Defn number="9" position="8"/>
        </PinNumber>
        <PinNumber>
          <Defn number="10" position="9"/>
        </PinNumber>
        <PinNumber>
          <Defn number="11" position="10"/>
        </PinNumber>
        <PinNumber>
          <Defn number="12" position="11"/>
        </PinNumber>
        <PinNumber>
          <Defn number="13" position="12"/>
        </PinNumber>
        <PinNumber>
          <Defn number="14" position="13"/>
        </PinNumber>
        <PinNumber>
          <Defn number="15" position="14"/>
        </PinNumber>
        <PinNumber>
          <Defn number="16" position="15"/>
        </PinNumber>
        <PinNumber>
          <Defn number="17" position="16"/>
        </PinNumber>
        <PinNumber>
          <Defn number="18" position="17"/>
        </PinNumber>
        <PinNumber>
          <Defn number="19" position="18"/>
        </PinNumber>
        <PinNumber>
          <Defn number="20" position="19"/>
        </PinNumber>
        <PinNumber>
          <Defn number="21" position="20"/>
        </PinNumber>
        <PinNumber>
          <Defn number="22" position="21"/>
        </PinNumber>
        <PinNumber>
          <Defn number="23" position="22"/>
        </PinNumber>
      </PhysicalPart>
    </LibPart>
  </Package>

</Lib>
