<?xml version="1.0" encoding="UTF-8" standalone="no" ?>
<Lib xmlns:xsd="http://www.w3.org/2001/XMLSchema" xmlns:xsi="http://www.w3.org/2001/XMLSchema-instance" xsi:noNamespaceSchemaLocation="olb.xsd">

  <Defn name="C:\TEMP\LSM6DSOXTR.OLB"/>

  <DefaultValues>
    <Defn/>
    <DefaultFont>
      <Defn escapement="0" height="-9" index="0" italic="0" name="Arial" orientation="0" weight="400" width="4"/>
    </DefaultFont>
    <DefaultFont>
      <Defn escapement="0" height="-9" index="1" italic="0" name="Arial" orientation="0" weight="400" width="4"/>
    </DefaultFont>
    <DefaultFont>
      <Defn escapement="0" height="-9" index="2" italic="0" name="Arial" orientation="0" weight="400" width="4"/>
    </DefaultFont>
    <DefaultFont>
      <Defn escapement="0" height="8" index="3" italic="0" name="Arial" orientation="0" weight="400" width="0"/>
    </DefaultFont>
    <DefaultFont>
      <Defn escapement="0" height="8" index="4" italic="0" name="Arial" orientation="0" weight="400" width="0"/>
    </DefaultFont>
    <DefaultFont>
      <Defn escapement="0" height="-9" index="5" italic="0" name="Arial" orientation="0" weight="400" width="4"/>
    </DefaultFont>
    <DefaultFont>
      <Defn escapement="0" height="-9" index="6" italic="0" name="Arial" orientation="0" weight="400" width="4"/>
    </DefaultFont>
    <DefaultFont>
      <Defn escapement="0" height="-9" index="7" italic="0" name="Arial" orientation="0" weight="400" width="4"/>
    </DefaultFont>
    <DefaultFont>
      <Defn escapement="0" height="-9" index="8" italic="0" name="Arial" orientation="0" weight="400" width="4"/>
    </DefaultFont>
    <DefaultFont>
      <Defn escapement="0" height="-9" index="9" italic="0" name="Arial" orientation="0" weight="400" width="4"/>
    </DefaultFont>
    <DefaultFont>
      <Defn escapement="0" height="-9" index="10" italic="0" name="Arial" orientation="0" weight="400" width="4"/>
    </DefaultFont>
    <DefaultFont>
      <Defn escapement="0" height="-9" index="11" italic="0" name="Arial" orientation="0" weight="400" width="4"/>
    </DefaultFont>
    <DefaultFont>
      <Defn escapement="0" height="-9" index="12" italic="0" name="Arial" orientation="0" weight="400" width="4"/>
    </DefaultFont>
    <DefaultFont>
      <Defn escapement="0" height="-9" index="13" italic="0" name="Courier New" orientation="0" weight="400" width="5"/>
    </DefaultFont>
    <DefaultFont>
      <Defn escapement="0" height="-9" index="14" italic="0" name="Arial" orientation="0" weight="400" width="4"/>
    </DefaultFont>
    <DefaultFont>
      <Defn escapement="0" height="-9" index="15" italic="0" name="Arial" orientation="0" weight="400" width="4"/>
    </DefaultFont>
    <DefaultFont>
      <Defn escapement="0" height="-9" index="16" italic="0" name="Arial" orientation="0" weight="400" width="4"/>
    </DefaultFont>
    <DefaultFont>
      <Defn escapement="0" height="8" index="17" italic="0" name="Arial" orientation="0" weight="400" width="0"/>
    </DefaultFont>
    <DefaultFont>
      <Defn escapement="0" height="8" index="18" italic="0" name="Arial" orientation="0" weight="400" width="0"/>
    </DefaultFont>
    <DefaultFont>
      <Defn escapement="0" height="8" index="19" italic="0" name="Arial" orientation="0" weight="400" width="0"/>
    </DefaultFont>
    <DefaultFont>
      <Defn escapement="0" height="8" index="20" italic="0" name="Arial" orientation="0" weight="400" width="0"/>
    </DefaultFont>
    <DefaultFont>
      <Defn escapement="0" height="8" index="21" italic="0" name="Arial" orientation="0" weight="400" width="0"/>
    </DefaultFont>
    <DefaultFont>
      <Defn escapement="0" height="8" index="22" italic="0" name="Arial" orientation="0" weight="400" width="0"/>
    </DefaultFont>
    <DefaultFont>
      <Defn escapement="0" height="8" index="23" italic="0" name="Arial" orientation="0" weight="400" width="0"/>
    </DefaultFont>
    <DefaultPageRec>
      <Defn ANSIGridRefs="1" BorderDisplayed="1" BorderPrinted="1" GridRefDisplayed="1" GridRefPrinted="1" HorizontalLabelCount="5" HorizontalLabelIsAscending="0" HorizontalLabelIsChar="0" HorizontalLabelWidth="100" IsMetric="0" PinToPin="100" TitleBlockDisplayed="1" TitleBlockPrinted="1" VerticalLabelCount="4" VerticalLabelIsAscending="0" VerticalLabelIsChar="1" VerticalLabelWidth="100"/>
    </DefaultPageRec>
    <DefaultPlacedInstIsPrimitive>
      <Defn val="0"/>
    </DefaultPlacedInstIsPrimitive>
    <DefaultDrawnInstIsPrimitive>
      <Defn val="0"/>
    </DefaultDrawnInstIsPrimitive>
    <DefaultPartFieldMapping>
      <Defn index="1" val="1ST PART FIELD"/>
    </DefaultPartFieldMapping>
    <DefaultPartFieldMapping>
      <Defn index="2" val="2ND PART FIELD"/>
    </DefaultPartFieldMapping>
    <DefaultPartFieldMapping>
      <Defn index="3" val="3RD PART FIELD"/>
    </DefaultPartFieldMapping>
    <DefaultPartFieldMapping>
      <Defn index="4" val="4TH PART FIELD"/>
    </DefaultPartFieldMapping>
    <DefaultPartFieldMapping>
      <Defn index="5" val="5TH PART FIELD"/>
    </DefaultPartFieldMapping>
    <DefaultPartFieldMapping>
      <Defn index="6" val="6TH PART FIELD"/>
    </DefaultPartFieldMapping>
    <DefaultPartFieldMapping>
      <Defn index="7" val="7TH PART FIELD"/>
    </DefaultPartFieldMapping>
    <DefaultPartFieldMapping>
      <Defn index="8" val="PCB Footprint"/>
    </DefaultPartFieldMapping>
  </DefaultValues>
  <Package>
    <Defn alphabeticNumbering="2" isHomogeneous="1" name="LSM6DSOXTR" pcbFootprint="LGA-14_1" pcbLib="" refdesPrefix="AC"/>
    <LibPart>
      <Defn CellName="LSM6DSOXTR"/>
      <NormalView>
        <Defn suffix=".Normal"/>
        <SymbolDisplayProp>
          <Defn locX="105" locY="-25" name="Part Reference" rotation="0" textJustification="1"/>
          <PropFont>
            <Defn escapement="0" height="-9" italic="0" name="Arial" orientation="0" weight="400" width="4"/>
          </PropFont>
          <PropColor>
            <Defn val="48"/>
          </PropColor>
          <PropDispType>
            <Defn ValueIfValueExist="0" val="1"/>
          </PropDispType>
        </SymbolDisplayProp>
        <SymbolDisplayProp>
          <Defn locX="105" locY="-15" name="Value" rotation="0" textJustification="1"/>
          <PropFont>
            <Defn escapement="0" height="-9" italic="0" name="Arial" orientation="0" weight="400" width="4"/>
          </PropFont>
          <PropColor>
            <Defn val="48"/>
          </PropColor>
          <PropDispType>
            <Defn ValueIfValueExist="0" val="1"/>
          </PropDispType>
        </SymbolDisplayProp>
        <SymbolUserProp>
          <Defn name="Mouser Part Number" val="511-LSM6DSOXTR"/>
        </SymbolUserProp>
        <SymbolUserProp>
          <Defn name="Mouser Price/Stock" val="https://www.mouser.co.uk/ProductDetail/STMicroelectronics/LSM6DSOXTR?qs=l7cgNqFNU1i9dcjzItLpVQ%3D%3D"/>
        </SymbolUserProp>
        <SymbolUserProp>
          <Defn name="Manufacturer_Name" val="STMicroelectronics"/>
        </SymbolUserProp>
        <SymbolUserProp>
          <Defn name="Manufacturer_Part_Number" val="LSM6DSOXTR"/>
        </SymbolUserProp>
        <SymbolUserProp>
          <Defn name="Description" val="IMUs - Inertial Measurement Units iNEMO inertial module: always-on 3D accelerometer and 3D gyroscope"/>
        </SymbolUserProp>
        <SymbolUserProp>
          <Defn name="Datasheet Link" val="https://www.st.com/resource/en/datasheet/lsm6dsox.pdf"/>
        </SymbolUserProp>
        <SymbolColor>
          <Defn val="48"/>
        </SymbolColor>
        <SymbolBBox>
          <Defn x1="0" x2="100" y1="0" y2="120"/>
        </SymbolBBox>
        <IsPinNumbersVisible>
          <Defn val="1"/>
        </IsPinNumbersVisible>
        <IsPinNamesRotated>
          <Defn val="1"/>
        </IsPinNamesRotated>
        <IsPinNamesVisible>
          <Defn val="1"/>
        </IsPinNamesVisible>
        <ContentsLibName>
          <Defn name=""/>
        </ContentsLibName>
        <ContentsViewName>
          <Defn name=""/>
        </ContentsViewName>
        <ContentsViewType>
          <Defn type="0"/>
        </ContentsViewType>
        <PartValue>
          <Defn name="LSM6DSOXTR"/>
        </PartValue>
        <Reference>
          <Defn name="AC"/>
        </Reference>
        <Line>
          <Defn lineStyle="0" lineWidth="0" x1="0" x2="100" y1="0" y2="0"/>
        </Line>
        <Line>
          <Defn lineStyle="0" lineWidth="0" x1="100" x2="100" y1="120" y2="0"/>
        </Line>
        <Line>
          <Defn lineStyle="0" lineWidth="0" x1="100" x2="0" y1="120" y2="120"/>
        </Line>
        <Line>
          <Defn lineStyle="0" lineWidth="0" x1="0" x2="0" y1="0" y2="120"/>
        </Line>
        <SymbolPinScalar>
          <Defn hotptX="-20" hotptY="40" name="SDO/SA0" position="0" startX="0" startY="40" type="4" visible="1"/>
          <IsLong>
            <Defn val="0"/>
          </IsLong>
          <IsClock>
            <Defn val="0"/>
          </IsClock>
          <IsDot>
            <Defn val="0"/>
          </IsDot>
          <IsLeftPointing>
            <Defn val="0"/>
          </IsLeftPointing>
          <IsRightPointing>
            <Defn val="0"/>
          </IsRightPointing>
          <IsNetStyle>
            <Defn val="0"/>
          </IsNetStyle>
          <IsNoConnect>
            <Defn val="0"/>
          </IsNoConnect>
          <IsGlobal>
            <Defn val="0"/>
          </IsGlobal>
          <IsNumberVisible>
            <Defn val="1"/>
          </IsNumberVisible>
        </SymbolPinScalar>
        <SymbolPinScalar>
          <Defn hotptX="-20" hotptY="50" name="SDX" position="1" startX="0" startY="50" type="4" visible="1"/>
          <IsLong>
            <Defn val="0"/>
          </IsLong>
          <IsClock>
            <Defn val="0"/>
          </IsClock>
          <IsDot>
            <Defn val="0"/>
          </IsDot>
          <IsLeftPointing>
            <Defn val="0"/>
          </IsLeftPointing>
          <IsRightPointing>
            <Defn val="0"/>
          </IsRightPointing>
          <IsNetStyle>
            <Defn val="0"/>
          </IsNetStyle>
          <IsNoConnect>
            <Defn val="0"/>
          </IsNoConnect>
          <IsGlobal>
            <Defn val="0"/>
          </IsGlobal>
          <IsNumberVisible>
            <Defn val="1"/>
          </IsNumberVisible>
        </SymbolPinScalar>
        <SymbolPinScalar>
          <Defn hotptX="-20" hotptY="60" name="SCX" position="2" startX="0" startY="60" type="4" visible="1"/>
          <IsLong>
            <Defn val="0"/>
          </IsLong>
          <IsClock>
            <Defn val="0"/>
          </IsClock>
          <IsDot>
            <Defn val="0"/>
          </IsDot>
          <IsLeftPointing>
            <Defn val="0"/>
          </IsLeftPointing>
          <IsRightPointing>
            <Defn val="0"/>
          </IsRightPointing>
          <IsNetStyle>
            <Defn val="0"/>
          </IsNetStyle>
          <IsNoConnect>
            <Defn val="0"/>
          </IsNoConnect>
          <IsGlobal>
            <Defn val="0"/>
          </IsGlobal>
          <IsNumberVisible>
            <Defn val="1"/>
          </IsNumberVisible>
        </SymbolPinScalar>
        <SymbolPinScalar>
          <Defn hotptX="-20" hotptY="70" name="INT1" position="3" startX="0" startY="70" type="4" visible="1"/>
          <IsLong>
            <Defn val="0"/>
          </IsLong>
          <IsClock>
            <Defn val="0"/>
          </IsClock>
          <IsDot>
            <Defn val="0"/>
          </IsDot>
          <IsLeftPointing>
            <Defn val="0"/>
          </IsLeftPointing>
          <IsRightPointing>
            <Defn val="0"/>
          </IsRightPointing>
          <IsNetStyle>
            <Defn val="0"/>
          </IsNetStyle>
          <IsNoConnect>
            <Defn val="0"/>
          </IsNoConnect>
          <IsGlobal>
            <Defn val="0"/>
          </IsGlobal>
          <IsNumberVisible>
            <Defn val="1"/>
          </IsNumberVisible>
        </SymbolPinScalar>
        <SymbolPinScalar>
          <Defn hotptX="40" hotptY="140" name="VDDIO" position="4" startX="40" startY="120" type="4" visible="1"/>
          <IsLong>
            <Defn val="0"/>
          </IsLong>
          <IsClock>
            <Defn val="0"/>
          </IsClock>
          <IsDot>
            <Defn val="0"/>
          </IsDot>
          <IsLeftPointing>
            <Defn val="0"/>
          </IsLeftPointing>
          <IsRightPointing>
            <Defn val="0"/>
          </IsRightPointing>
          <IsNetStyle>
            <Defn val="0"/>
          </IsNetStyle>
          <IsNoConnect>
            <Defn val="0"/>
          </IsNoConnect>
          <IsGlobal>
            <Defn val="0"/>
          </IsGlobal>
          <IsNumberVisible>
            <Defn val="1"/>
          </IsNumberVisible>
        </SymbolPinScalar>
        <SymbolPinScalar>
          <Defn hotptX="50" hotptY="140" name="GND_1" position="5" startX="50" startY="120" type="4" visible="1"/>
          <IsLong>
            <Defn val="0"/>
          </IsLong>
          <IsClock>
            <Defn val="0"/>
          </IsClock>
          <IsDot>
            <Defn val="0"/>
          </IsDot>
          <IsLeftPointing>
            <Defn val="0"/>
          </IsLeftPointing>
          <IsRightPointing>
            <Defn val="0"/>
          </IsRightPointing>
          <IsNetStyle>
            <Defn val="0"/>
          </IsNetStyle>
          <IsNoConnect>
            <Defn val="0"/>
          </IsNoConnect>
          <IsGlobal>
            <Defn val="0"/>
          </IsGlobal>
          <IsNumberVisible>
            <Defn val="1"/>
          </IsNumberVisible>
        </SymbolPinScalar>
        <SymbolPinScalar>
          <Defn hotptX="60" hotptY="140" name="GND_2" position="6" startX="60" startY="120" type="4" visible="1"/>
          <IsLong>
            <Defn val="0"/>
          </IsLong>
          <IsClock>
            <Defn val="0"/>
          </IsClock>
          <IsDot>
            <Defn val="0"/>
          </IsDot>
          <IsLeftPointing>
            <Defn val="0"/>
          </IsLeftPointing>
          <IsRightPointing>
            <Defn val="0"/>
          </IsRightPointing>
          <IsNetStyle>
            <Defn val="0"/>
          </IsNetStyle>
          <IsNoConnect>
            <Defn val="0"/>
          </IsNoConnect>
          <IsGlobal>
            <Defn val="0"/>
          </IsGlobal>
          <IsNumberVisible>
            <Defn val="1"/>
          </IsNumberVisible>
        </SymbolPinScalar>
        <SymbolPinScalar>
          <Defn hotptX="120" hotptY="70" name="VDD" position="7" startX="100" startY="70" type="4" visible="1"/>
          <IsLong>
            <Defn val="0"/>
          </IsLong>
          <IsClock>
            <Defn val="0"/>
          </IsClock>
          <IsDot>
            <Defn val="0"/>
          </IsDot>
          <IsLeftPointing>
            <Defn val="0"/>
          </IsLeftPointing>
          <IsRightPointing>
            <Defn val="0"/>
          </IsRightPointing>
          <IsNetStyle>
            <Defn val="0"/>
          </IsNetStyle>
          <IsNoConnect>
            <Defn val="0"/>
          </IsNoConnect>
          <IsGlobal>
            <Defn val="0"/>
          </IsGlobal>
          <IsNumberVisible>
            <Defn val="1"/>
          </IsNumberVisible>
        </SymbolPinScalar>
        <SymbolPinScalar>
          <Defn hotptX="120" hotptY="60" name="INT2" position="8" startX="100" startY="60" type="4" visible="1"/>
          <IsLong>
            <Defn val="0"/>
          </IsLong>
          <IsClock>
            <Defn val="0"/>
          </IsClock>
          <IsDot>
            <Defn val="0"/>
          </IsDot>
          <IsLeftPointing>
            <Defn val="0"/>
          </IsLeftPointing>
          <IsRightPointing>
            <Defn val="0"/>
          </IsRightPointing>
          <IsNetStyle>
            <Defn val="0"/>
          </IsNetStyle>
          <IsNoConnect>
            <Defn val="0"/>
          </IsNoConnect>
          <IsGlobal>
            <Defn val="0"/>
          </IsGlobal>
          <IsNumberVisible>
            <Defn val="1"/>
          </IsNumberVisible>
        </SymbolPinScalar>
        <SymbolPinScalar>
          <Defn hotptX="120" hotptY="50" name="OCS_AUX" position="9" startX="100" startY="50" type="4" visible="1"/>
          <IsLong>
            <Defn val="0"/>
          </IsLong>
          <IsClock>
            <Defn val="0"/>
          </IsClock>
          <IsDot>
            <Defn val="0"/>
          </IsDot>
          <IsLeftPointing>
            <Defn val="0"/>
          </IsLeftPointing>
          <IsRightPointing>
            <Defn val="0"/>
          </IsRightPointing>
          <IsNetStyle>
            <Defn val="0"/>
          </IsNetStyle>
          <IsNoConnect>
            <Defn val="0"/>
          </IsNoConnect>
          <IsGlobal>
            <Defn val="0"/>
          </IsGlobal>
          <IsNumberVisible>
            <Defn val="1"/>
          </IsNumberVisible>
        </SymbolPinScalar>
        <SymbolPinScalar>
          <Defn hotptX="120" hotptY="40" name="SDO_AUX" position="10" startX="100" startY="40" type="4" visible="1"/>
          <IsLong>
            <Defn val="0"/>
          </IsLong>
          <IsClock>
            <Defn val="0"/>
          </IsClock>
          <IsDot>
            <Defn val="0"/>
          </IsDot>
          <IsLeftPointing>
            <Defn val="0"/>
          </IsLeftPointing>
          <IsRightPointing>
            <Defn val="0"/>
          </IsRightPointing>
          <IsNetStyle>
            <Defn val="0"/>
          </IsNetStyle>
          <IsNoConnect>
            <Defn val="0"/>
          </IsNoConnect>
          <IsGlobal>
            <Defn val="0"/>
          </IsGlobal>
          <IsNumberVisible>
            <Defn val="1"/>
          </IsNumberVisible>
        </SymbolPinScalar>
        <SymbolPinScalar>
          <Defn hotptX="60" hotptY="-20" name="CS" position="11" startX="60" startY="0" type="4" visible="1"/>
          <IsLong>
            <Defn val="0"/>
          </IsLong>
          <IsClock>
            <Defn val="0"/>
          </IsClock>
          <IsDot>
            <Defn val="0"/>
          </IsDot>
          <IsLeftPointing>
            <Defn val="0"/>
          </IsLeftPointing>
          <IsRightPointing>
            <Defn val="0"/>
          </IsRightPointing>
          <IsNetStyle>
            <Defn val="0"/>
          </IsNetStyle>
          <IsNoConnect>
            <Defn val="0"/>
          </IsNoConnect>
          <IsGlobal>
            <Defn val="0"/>
          </IsGlobal>
          <IsNumberVisible>
            <Defn val="1"/>
          </IsNumberVisible>
        </SymbolPinScalar>
        <SymbolPinScalar>
          <Defn hotptX="50" hotptY="-20" name="SCL" position="12" startX="50" startY="0" type="4" visible="1"/>
          <IsLong>
            <Defn val="0"/>
          </IsLong>
          <IsClock>
            <Defn val="0"/>
          </IsClock>
          <IsDot>
            <Defn val="0"/>
          </IsDot>
          <IsLeftPointing>
            <Defn val="0"/>
          </IsLeftPointing>
          <IsRightPointing>
            <Defn val="0"/>
          </IsRightPointing>
          <IsNetStyle>
            <Defn val="0"/>
          </IsNetStyle>
          <IsNoConnect>
            <Defn val="0"/>
          </IsNoConnect>
          <IsGlobal>
            <Defn val="0"/>
          </IsGlobal>
          <IsNumberVisible>
            <Defn val="1"/>
          </IsNumberVisible>
        </SymbolPinScalar>
        <SymbolPinScalar>
          <Defn hotptX="40" hotptY="-20" name="SDA" position="13" startX="40" startY="0" type="4" visible="1"/>
          <IsLong>
            <Defn val="0"/>
          </IsLong>
          <IsClock>
            <Defn val="0"/>
          </IsClock>
          <IsDot>
            <Defn val="0"/>
          </IsDot>
          <IsLeftPointing>
            <Defn val="0"/>
          </IsLeftPointing>
          <IsRightPointing>
            <Defn val="0"/>
          </IsRightPointing>
          <IsNetStyle>
            <Defn val="0"/>
          </IsNetStyle>
          <IsNoConnect>
            <Defn val="0"/>
          </IsNoConnect>
          <IsGlobal>
            <Defn val="0"/>
          </IsGlobal>
          <IsNumberVisible>
            <Defn val="1"/>
          </IsNumberVisible>
        </SymbolPinScalar>
      </NormalView>
      <PhysicalPart>
        <Defn/>
        <PinNumber>
          <Defn number="1" position="0"/>
        </PinNumber>
        <PinNumber>
          <Defn number="2" position="1"/>
        </PinNumber>
        <PinNumber>
          <Defn number="3" position="2"/>
        </PinNumber>
        <PinNumber>
          <Defn number="4" position="3"/>
        </PinNumber>
        <PinNumber>
          <Defn number="5" position="4"/>
        </PinNumber>
        <PinNumber>
          <Defn number="6" position="5"/>
        </PinNumber>
        <PinNumber>
          <Defn number="7" position="6"/>
        </PinNumber>
        <PinNumber>
          <Defn number="8" position="7"/>
        </PinNumber>
        <PinNumber>
          <Defn number="9" position="8"/>
        </PinNumber>
        <PinNumber>
          <Defn number="10" position="9"/>
        </PinNumber>
        <PinNumber>
          <Defn number="11" position="10"/>
        </PinNumber>
        <PinNumber>
          <Defn number="12" position="11"/>
        </PinNumber>
        <PinNumber>
          <Defn number="13" position="12"/>
        </PinNumber>
        <PinNumber>
          <Defn number="14" position="13"/>
        </PinNumber>
      </PhysicalPart>
    </LibPart>
  </Package>

</Lib>
