<?xml version="1.0" encoding="UTF-8"?>
<export version="D">
  <design>
    <source>C:\UF\COVID19\COVID19\WearableDevices\Circuit\JJ\TI-CC2652RB\PCB5\COVID19.sch</source>
    <date>5/18/2020 9:54:07 PM</date>
    <tool>Eeschema (5.1.5)-3</tool>
    <sheet number="1" name="/" tstamps="/">
      <title_block>
        <title/>
        <company/>
        <rev/>
        <date/>
        <source>COVID19.sch</source>
        <comment number="1" value=""/>
        <comment number="2" value=""/>
        <comment number="3" value=""/>
        <comment number="4" value=""/>
      </title_block>
    </sheet>
  </design>
  <components>
    <comp ref="J2">
      <value>Conn_01x02_Male</value>
      <footprint>78171-0002:78171-0002</footprint>
      <datasheet>~</datasheet>
      <libsource lib="Connector" part="Conn_01x02_Male" description="Generic connector, single row, 01x02, script generated (kicad-library-utils/schlib/autogen/connector/)"/>
      <sheetpath names="/" tstamps="/"/>
      <tstamp>5F129016</tstamp>
    </comp>
    <comp ref="C14">
      <value>100n/16V</value>
      <footprint>Capacitorinner1_SMD:C_0603_1608Metric_Pad1.05x0.95mm_HandSolder</footprint>
      <datasheet>~</datasheet>
      <libsource lib="COVID19-rescue" part="C-Device-COVID19-rescue" description=""/>
      <sheetpath names="/" tstamps="/"/>
      <tstamp>5EB79B22</tstamp>
    </comp>
    <comp ref="C17">
      <value>10u</value>
      <footprint>Capacitors_SMD:C_0603_HandSoldering</footprint>
      <datasheet>~</datasheet>
      <libsource lib="COVID19-rescue" part="C-Device-COVID19-rescue" description=""/>
      <sheetpath names="/" tstamps="/"/>
      <tstamp>5EE3ECD2</tstamp>
    </comp>
    <comp ref="C11">
      <value>1u</value>
      <footprint>Capacitors_SMD:C_0603_HandSoldering</footprint>
      <datasheet>~</datasheet>
      <libsource lib="COVID19-rescue" part="C-Device-COVID19-rescue" description=""/>
      <sheetpath names="/" tstamps="/"/>
      <tstamp>5EE3116C</tstamp>
    </comp>
    <comp ref="R44">
      <value>82k</value>
      <footprint>Resistors_SMD:R_0603_HandSoldering</footprint>
      <datasheet>~</datasheet>
      <libsource lib="COVID19-rescue" part="R-Device-COVID19-rescue" description=""/>
      <sheetpath names="/" tstamps="/"/>
      <tstamp>5EE2F584</tstamp>
    </comp>
    <comp ref="R45">
      <value>105k</value>
      <footprint>Resistors_SMD:R_0603_HandSoldering</footprint>
      <datasheet>~</datasheet>
      <libsource lib="COVID19-rescue" part="R-Device-COVID19-rescue" description=""/>
      <sheetpath names="/" tstamps="/"/>
      <tstamp>5EE1ACC3</tstamp>
    </comp>
    <comp ref="C16">
      <value>0.01u</value>
      <footprint>Capacitors_SMD:C_0603_HandSoldering</footprint>
      <datasheet>~</datasheet>
      <libsource lib="COVID19-rescue" part="C-Device-COVID19-rescue" description=""/>
      <sheetpath names="/" tstamps="/"/>
      <tstamp>5EDE763D</tstamp>
    </comp>
    <comp ref="IC3">
      <value>LT1763CS8#TRPBF</value>
      <footprint>LT1763CS8#TRPBF:SOIC127P599X175-8N</footprint>
      <datasheet>https://www.analog.com/media/en/technical-documentation/data-sheets/1763fh.pdf</datasheet>
      <fields>
        <field name="Description">LDO Voltage Regulators 500mA, Low Noise, LDO Micropower Regulators</field>
        <field name="Height">1.752</field>
        <field name="Manufacturer_Name">Linear Technology</field>
        <field name="Manufacturer_Part_Number">LT1763CS8#TRPBF</field>
        <field name="Mouser Part Number">584-LT1763CS8#TRPBF</field>
        <field name="Mouser Price/Stock">https://www.mouser.co.uk/ProductDetail/Analog-Devices-Linear-Technology/LT1763CS8TRPBF?qs=ytflclh7QUWKSkHZ3wqacw%3D%3D</field>
      </fields>
      <libsource lib="LT1763CS8#TRPBF" part="LT1763CS8#TRPBF" description="LDO Voltage Regulators 500mA, Low Noise, LDO Micropower Regulators"/>
      <sheetpath names="/" tstamps="/"/>
      <tstamp>5EDC6C2A</tstamp>
    </comp>
    <comp ref="SW2">
      <value>SKRPABE010</value>
      <footprint>SKRPABE010:SKRPABE010</footprint>
      <libsource lib="SKRPABE010" part="SKRPABE010" description=""/>
      <sheetpath names="/" tstamps="/"/>
      <tstamp>5ECF776D</tstamp>
    </comp>
    <comp ref="R6">
      <value>100</value>
      <footprint>Resistors_SMD:R_0603_HandSoldering</footprint>
      <datasheet>~</datasheet>
      <libsource lib="COVID19-rescue" part="R-Device-COVID19-rescue" description=""/>
      <sheetpath names="/" tstamps="/"/>
      <tstamp>615D4B83</tstamp>
    </comp>
    <comp ref="Q1">
      <value>STR2N2VH5</value>
      <footprint>STR2N2VH5:SOT105P255X140-3N</footprint>
      <datasheet>http://www.st.com/web/en/resource/technical/document/datasheet/DM00068028.pdf</datasheet>
      <fields>
        <field name="Allied Price/Stock">http://www.alliedelec.com/stmicroelectronics-str2n2vh5/70391518/</field>
        <field name="Allied_Number">70391518</field>
        <field name="Height">1.4</field>
        <field name="Manufacturer_Name">STMicroelectronics</field>
        <field name="Manufacturer_Part_Number">STR2N2VH5</field>
        <field name="Mouser Part Number">511-STR2N2VH5</field>
        <field name="Mouser Price/Stock">https://www.mouser.co.uk/ProductDetail/STMicroelectronics/STR2N2VH5?qs=DqCdCwOw4%2F7ywJ4pldZRmw%3D%3D</field>
        <field name="RS Part Number">7917876P</field>
        <field name="RS Price/Stock">http://uk.rs-online.com/web/p/products/7917876P</field>
      </fields>
      <libsource lib="COVID19-rescue" part="STR2N2VH5-STR2N2VH5-COVID19-rescue" description=""/>
      <sheetpath names="/" tstamps="/"/>
      <tstamp>615A45DB</tstamp>
    </comp>
    <comp ref="R2">
      <value>10k</value>
      <footprint>Resistors_SMD:R_0603_HandSoldering</footprint>
      <datasheet>~</datasheet>
      <libsource lib="COVID19-rescue" part="R-Device-COVID19-rescue" description=""/>
      <sheetpath names="/" tstamps="/"/>
      <tstamp>615A45C2</tstamp>
    </comp>
    <comp ref="D1">
      <value>LED</value>
      <footprint>LED_SMD:LED_0603_1608Metric</footprint>
      <datasheet>~</datasheet>
      <libsource lib="Device" part="LED" description="Light emitting diode"/>
      <sheetpath names="/" tstamps="/"/>
      <tstamp>615A45B6</tstamp>
    </comp>
    <comp ref="R7">
      <value>330</value>
      <footprint>Resistors_SMD:R_0603_HandSoldering</footprint>
      <datasheet>~</datasheet>
      <libsource lib="COVID19-rescue" part="R-Device-COVID19-rescue" description=""/>
      <sheetpath names="/" tstamps="/"/>
      <tstamp>615A45AF</tstamp>
    </comp>
    <comp ref="Q2">
      <value>STR2N2VH5</value>
      <footprint>STR2N2VH5:SOT105P255X140-3N</footprint>
      <datasheet>http://www.st.com/web/en/resource/technical/document/datasheet/DM00068028.pdf</datasheet>
      <fields>
        <field name="Allied Price/Stock">http://www.alliedelec.com/stmicroelectronics-str2n2vh5/70391518/</field>
        <field name="Allied_Number">70391518</field>
        <field name="Height">1.4</field>
        <field name="Manufacturer_Name">STMicroelectronics</field>
        <field name="Manufacturer_Part_Number">STR2N2VH5</field>
        <field name="Mouser Part Number">511-STR2N2VH5</field>
        <field name="Mouser Price/Stock">https://www.mouser.co.uk/ProductDetail/STMicroelectronics/STR2N2VH5?qs=DqCdCwOw4%2F7ywJ4pldZRmw%3D%3D</field>
        <field name="RS Part Number">7917876P</field>
        <field name="RS Price/Stock">http://uk.rs-online.com/web/p/products/7917876P</field>
      </fields>
      <libsource lib="COVID19-rescue" part="STR2N2VH5-STR2N2VH5-COVID19-rescue" description=""/>
      <sheetpath names="/" tstamps="/"/>
      <tstamp>60EBD5E3</tstamp>
    </comp>
    <comp ref="R3">
      <value>10k</value>
      <footprint>Resistors_SMD:R_0603_HandSoldering</footprint>
      <datasheet>~</datasheet>
      <libsource lib="COVID19-rescue" part="R-Device-COVID19-rescue" description=""/>
      <sheetpath names="/" tstamps="/"/>
      <tstamp>60F469AD</tstamp>
    </comp>
    <comp ref="D2">
      <value>LED</value>
      <footprint>LED_SMD:LED_0603_1608Metric</footprint>
      <datasheet>~</datasheet>
      <libsource lib="Device" part="LED" description="Light emitting diode"/>
      <sheetpath names="/" tstamps="/"/>
      <tstamp>6148B9B2</tstamp>
    </comp>
    <comp ref="R9">
      <value>330</value>
      <footprint>Resistors_SMD:R_0603_HandSoldering</footprint>
      <datasheet>~</datasheet>
      <libsource lib="COVID19-rescue" part="R-Device-COVID19-rescue" description=""/>
      <sheetpath names="/" tstamps="/"/>
      <tstamp>614B9C8E</tstamp>
    </comp>
    <comp ref="C10">
      <value>100n</value>
      <footprint>Capacitors_SMD:C_0603_HandSoldering</footprint>
      <datasheet>~</datasheet>
      <libsource lib="COVID19-rescue" part="C-Device-COVID19-rescue" description=""/>
      <sheetpath names="/" tstamps="/"/>
      <tstamp>5F00A6AF</tstamp>
    </comp>
    <comp ref="C4">
      <value>22u</value>
      <footprint>Capacitors_SMD:C_0603_HandSoldering</footprint>
      <datasheet>~</datasheet>
      <libsource lib="COVID19-rescue" part="C-Device-COVID19-rescue" description=""/>
      <sheetpath names="/" tstamps="/"/>
      <tstamp>5F08DE8A</tstamp>
    </comp>
    <comp ref="C8">
      <value>100n</value>
      <footprint>Capacitors_SMD:C_0603_HandSoldering</footprint>
      <datasheet>~</datasheet>
      <libsource lib="COVID19-rescue" part="C-Device-COVID19-rescue" description=""/>
      <sheetpath names="/" tstamps="/"/>
      <tstamp>5F007ED7</tstamp>
    </comp>
    <comp ref="C6">
      <value>100n</value>
      <footprint>Capacitors_SMD:C_0603_HandSoldering</footprint>
      <datasheet>~</datasheet>
      <libsource lib="COVID19-rescue" part="C-Device-COVID19-rescue" description=""/>
      <sheetpath names="/" tstamps="/"/>
      <tstamp>5F2277F5</tstamp>
    </comp>
    <comp ref="C18">
      <value>100n</value>
      <footprint>Capacitors_SMD:C_0603_HandSoldering</footprint>
      <datasheet>~</datasheet>
      <libsource lib="COVID19-rescue" part="C-Device-COVID19-rescue" description=""/>
      <sheetpath names="/" tstamps="/"/>
      <tstamp>5F27010C</tstamp>
    </comp>
    <comp ref="C9">
      <value>100n</value>
      <footprint>Capacitors_SMD:C_0603_HandSoldering</footprint>
      <datasheet>~</datasheet>
      <libsource lib="COVID19-rescue" part="C-Device-COVID19-rescue" description=""/>
      <sheetpath names="/" tstamps="/"/>
      <tstamp>5F392261</tstamp>
    </comp>
    <comp ref="C5">
      <value>22u</value>
      <footprint>Capacitors_SMD:C_0603_HandSoldering</footprint>
      <datasheet>~</datasheet>
      <libsource lib="COVID19-rescue" part="C-Device-COVID19-rescue" description=""/>
      <sheetpath names="/" tstamps="/"/>
      <tstamp>5F392271</tstamp>
    </comp>
    <comp ref="C7">
      <value>100n</value>
      <footprint>Capacitors_SMD:C_0603_HandSoldering</footprint>
      <datasheet>~</datasheet>
      <libsource lib="COVID19-rescue" part="C-Device-COVID19-rescue" description=""/>
      <sheetpath names="/" tstamps="/"/>
      <tstamp>5F392299</tstamp>
    </comp>
    <comp ref="L1">
      <value>6.8u</value>
      <footprint>Inductor_SMD:L_0805_2012Metric</footprint>
      <datasheet>~</datasheet>
      <libsource lib="Device" part="L" description="Inductor"/>
      <sheetpath names="/" tstamps="/"/>
      <tstamp>5F60886A</tstamp>
    </comp>
    <comp ref="Q3">
      <value>STR2N2VH5</value>
      <footprint>STR2N2VH5:SOT105P255X140-3N</footprint>
      <datasheet>http://www.st.com/web/en/resource/technical/document/datasheet/DM00068028.pdf</datasheet>
      <fields>
        <field name="Allied Price/Stock">http://www.alliedelec.com/stmicroelectronics-str2n2vh5/70391518/</field>
        <field name="Allied_Number">70391518</field>
        <field name="Height">1.4</field>
        <field name="Manufacturer_Name">STMicroelectronics</field>
        <field name="Manufacturer_Part_Number">STR2N2VH5</field>
        <field name="Mouser Part Number">511-STR2N2VH5</field>
        <field name="Mouser Price/Stock">https://www.mouser.co.uk/ProductDetail/STMicroelectronics/STR2N2VH5?qs=DqCdCwOw4%2F7ywJ4pldZRmw%3D%3D</field>
        <field name="RS Part Number">7917876P</field>
        <field name="RS Price/Stock">http://uk.rs-online.com/web/p/products/7917876P</field>
      </fields>
      <libsource lib="COVID19-rescue" part="STR2N2VH5-STR2N2VH5-COVID19-rescue" description=""/>
      <sheetpath names="/" tstamps="/"/>
      <tstamp>609507C8</tstamp>
    </comp>
    <comp ref="R5">
      <value>10k</value>
      <footprint>Resistors_SMD:R_0603_HandSoldering</footprint>
      <datasheet>~</datasheet>
      <libsource lib="COVID19-rescue" part="R-Device-COVID19-rescue" description=""/>
      <sheetpath names="/" tstamps="/"/>
      <tstamp>609507DF</tstamp>
    </comp>
    <comp ref="D3">
      <value>LED</value>
      <footprint>LED_SMD:LED_0603_1608Metric</footprint>
      <datasheet>~</datasheet>
      <libsource lib="Device" part="LED" description="Light emitting diode"/>
      <sheetpath names="/" tstamps="/"/>
      <tstamp>609507EF</tstamp>
    </comp>
    <comp ref="R8">
      <value>330</value>
      <footprint>Resistors_SMD:R_0603_HandSoldering</footprint>
      <datasheet>~</datasheet>
      <libsource lib="COVID19-rescue" part="R-Device-COVID19-rescue" description=""/>
      <sheetpath names="/" tstamps="/"/>
      <tstamp>609507FA</tstamp>
    </comp>
    <comp ref="J3">
      <value>FTSH-105-01-L-DV</value>
      <footprint>Connector_PinHeader_1.27mm:PinHeader_2x05_P1.27mm_Vertical</footprint>
      <libsource lib="2020-05-10_22-40-14" part="FTSH-105-01-L-DV" description=""/>
      <sheetpath names="/" tstamps="/"/>
      <tstamp>60A7CF87</tstamp>
    </comp>
    <comp ref="C3">
      <value>100n</value>
      <footprint>Capacitors_SMD:C_0603_HandSoldering</footprint>
      <datasheet>~</datasheet>
      <libsource lib="COVID19-rescue" part="C-Device-COVID19-rescue" description=""/>
      <sheetpath names="/" tstamps="/"/>
      <tstamp>60E38BCD</tstamp>
    </comp>
    <comp ref="R4">
      <value>100k</value>
      <footprint>Resistors_SMD:R_0603_HandSoldering</footprint>
      <datasheet>~</datasheet>
      <libsource lib="COVID19-rescue" part="R-Device-COVID19-rescue" description=""/>
      <sheetpath names="/" tstamps="/"/>
      <tstamp>60ED6EF2</tstamp>
    </comp>
    <comp ref="R11">
      <value>2.05M</value>
      <footprint>Resistors_SMD:R_0603_HandSoldering</footprint>
      <datasheet>~</datasheet>
      <libsource lib="COVID19-rescue" part="R-Device-COVID19-rescue" description=""/>
      <sheetpath names="/" tstamps="/"/>
      <tstamp>61305400</tstamp>
    </comp>
    <comp ref="R10">
      <value>649k</value>
      <footprint>Resistors_SMD:R_0603_HandSoldering</footprint>
      <datasheet>~</datasheet>
      <libsource lib="COVID19-rescue" part="R-Device-COVID19-rescue" description=""/>
      <sheetpath names="/" tstamps="/"/>
      <tstamp>6134FE63</tstamp>
    </comp>
    <comp ref="R12">
      <value>1.25k</value>
      <footprint>Resistors_SMD:R_0603_HandSoldering</footprint>
      <datasheet>~</datasheet>
      <libsource lib="COVID19-rescue" part="R-Device-COVID19-rescue" description=""/>
      <sheetpath names="/" tstamps="/"/>
      <tstamp>614D69EB</tstamp>
    </comp>
    <comp ref="R14">
      <value>1k</value>
      <footprint>Resistors_SMD:R_0603_HandSoldering</footprint>
      <datasheet>~</datasheet>
      <libsource lib="COVID19-rescue" part="R-Device-COVID19-rescue" description=""/>
      <sheetpath names="/" tstamps="/"/>
      <tstamp>615A03E2</tstamp>
    </comp>
    <comp ref="D4">
      <value>LED</value>
      <footprint>LED_SMD:LED_0603_1608Metric</footprint>
      <datasheet>~</datasheet>
      <libsource lib="Device" part="LED" description="Light emitting diode"/>
      <sheetpath names="/" tstamps="/"/>
      <tstamp>615D92D3</tstamp>
    </comp>
    <comp ref="C23">
      <value>1u</value>
      <footprint>Capacitors_SMD:C_0603_HandSoldering</footprint>
      <datasheet>~</datasheet>
      <libsource lib="COVID19-rescue" part="C-Device-COVID19-rescue" description=""/>
      <sheetpath names="/" tstamps="/"/>
      <tstamp>6173CB37</tstamp>
    </comp>
    <comp ref="IC8">
      <value>2450BM14G0011T-AEC</value>
      <footprint>2450BM:2450BM14G0011T-AEC</footprint>
      <libsource lib="2020-05-11_00-05-27" part="2450BM14G0011T-AEC" description=""/>
      <sheetpath names="/" tstamps="/"/>
      <tstamp>61D737FA</tstamp>
    </comp>
    <comp ref="AE1">
      <value>ANTENNA</value>
      <footprint>tm-kicad-lib:2.4GHz-INVERTED-F-ANTENNA</footprint>
      <libsource lib="tm-kicad-lib" part="ANTENNA" description=""/>
      <sheetpath names="/" tstamps="/"/>
      <tstamp>61E2CBC0</tstamp>
    </comp>
    <comp ref="R19">
      <value>0</value>
      <footprint>Resistors_SMD:R_0603_HandSoldering</footprint>
      <datasheet>~</datasheet>
      <libsource lib="COVID19-rescue" part="R-Device-COVID19-rescue" description=""/>
      <sheetpath names="/" tstamps="/"/>
      <tstamp>620A0609</tstamp>
    </comp>
    <comp ref="R18">
      <value>0</value>
      <footprint>Resistors_SMD:R_0603_HandSoldering</footprint>
      <datasheet>~</datasheet>
      <libsource lib="COVID19-rescue" part="R-Device-COVID19-rescue" description=""/>
      <sheetpath names="/" tstamps="/"/>
      <tstamp>621637BA</tstamp>
    </comp>
    <comp ref="R17">
      <value>0</value>
      <footprint>Resistors_SMD:R_0603_HandSoldering</footprint>
      <datasheet>~</datasheet>
      <libsource lib="COVID19-rescue" part="R-Device-COVID19-rescue" description=""/>
      <sheetpath names="/" tstamps="/"/>
      <tstamp>621645B1</tstamp>
    </comp>
    <comp ref="C15">
      <value>100n/16V</value>
      <footprint>Capacitorinner2_SMD:C_0603_1608Metric_Pad1.05x0.95mm_HandSolder</footprint>
      <datasheet>~</datasheet>
      <libsource lib="COVID19-rescue" part="C-Device-COVID19-rescue" description=""/>
      <sheetpath names="/" tstamps="/"/>
      <tstamp>62833DD3</tstamp>
    </comp>
    <comp ref="C12">
      <value>100n/16V</value>
      <footprint>Capacitorinner2_SMD:C_0603_1608Metric_Pad1.05x0.95mm_HandSolder</footprint>
      <datasheet>~</datasheet>
      <libsource lib="COVID19-rescue" part="C-Device-COVID19-rescue" description=""/>
      <sheetpath names="/" tstamps="/"/>
      <tstamp>6285160F</tstamp>
    </comp>
    <comp ref="C13">
      <value>100n/16V</value>
      <footprint>Capacitorinner2_SMD:C_0603_1608Metric_Pad1.05x0.95mm_HandSolder</footprint>
      <datasheet>~</datasheet>
      <libsource lib="COVID19-rescue" part="C-Device-COVID19-rescue" description=""/>
      <sheetpath names="/" tstamps="/"/>
      <tstamp>62871018</tstamp>
    </comp>
    <comp ref="R29">
      <value>5K</value>
      <footprint>Resistors_SMD:R_0603_HandSoldering</footprint>
      <datasheet>~</datasheet>
      <libsource lib="COVID19-rescue" part="R-Device-COVID19-rescue" description=""/>
      <sheetpath names="/" tstamps="/"/>
      <tstamp>62ED6830</tstamp>
    </comp>
    <comp ref="U1">
      <value>ICM-20649</value>
      <footprint>ICM_20649:ICM-20649</footprint>
      <libsource lib="ICM20946" part="ICM-20649" description=""/>
      <sheetpath names="/" tstamps="/"/>
      <tstamp>5ECB6E87</tstamp>
    </comp>
    <comp ref="C21">
      <value>100n</value>
      <footprint>Capacitors_SMD:C_0603_HandSoldering</footprint>
      <datasheet>~</datasheet>
      <libsource lib="Device" part="C" description="Unpolarized capacitor"/>
      <sheetpath names="/" tstamps="/"/>
      <tstamp>5ED8F757</tstamp>
    </comp>
    <comp ref="C20">
      <value>100n</value>
      <footprint>Capacitors_SMD:C_0603_HandSoldering</footprint>
      <datasheet>~</datasheet>
      <libsource lib="Device" part="C" description="Unpolarized capacitor"/>
      <sheetpath names="/" tstamps="/"/>
      <tstamp>5EE2D93B</tstamp>
    </comp>
    <comp ref="C25">
      <value>100n</value>
      <footprint>Capacitors_SMD:C_0603_HandSoldering</footprint>
      <datasheet>~</datasheet>
      <libsource lib="Device" part="C" description="Unpolarized capacitor"/>
      <sheetpath names="/" tstamps="/"/>
      <tstamp>5F281CA6</tstamp>
    </comp>
    <comp ref="C19">
      <value>23p</value>
      <footprint>Capacitors_SMD:C_0603_HandSoldering</footprint>
      <datasheet>~</datasheet>
      <libsource lib="COVID19-rescue" part="C-Device-COVID19-rescue" description=""/>
      <sheetpath names="/" tstamps="/"/>
      <tstamp>5F8E9045</tstamp>
    </comp>
    <comp ref="C22">
      <value>23p</value>
      <footprint>Capacitors_SMD:C_0603_HandSoldering</footprint>
      <datasheet>~</datasheet>
      <libsource lib="COVID19-rescue" part="C-Device-COVID19-rescue" description=""/>
      <sheetpath names="/" tstamps="/"/>
      <tstamp>5F89425C</tstamp>
    </comp>
    <comp ref="Y1">
      <value>ABS07-32.768KHZ-T</value>
      <footprint>ABS07-32:XTAL_ABS07-32.768KHZ-T</footprint>
      <datasheet>Abracon</datasheet>
      <fields>
        <field name="Field4">08.19.15</field>
        <field name="Field5">Manufacturer Recommendation</field>
      </fields>
      <libsource lib="ABS07-32.768KHZ-T" part="ABS07-32.768KHZ-T" description=""/>
      <sheetpath names="/" tstamps="/"/>
      <tstamp>5F7F1179</tstamp>
    </comp>
    <comp ref="C24">
      <value>10u</value>
      <footprint>Capacitors_SMD:C_0603_HandSoldering</footprint>
      <datasheet>~</datasheet>
      <libsource lib="COVID19-rescue" part="C-Device-COVID19-rescue" description=""/>
      <sheetpath names="/" tstamps="/"/>
      <tstamp>5F6FB071</tstamp>
    </comp>
    <comp ref="IC2">
      <value>CC2652RB1FRGZR</value>
      <footprint>CC2652RB:CC2652RB1FRGZR</footprint>
      <libsource lib="2020-05-10_14-44-06" part="CC2652RB1FRGZR" description=""/>
      <sheetpath names="/" tstamps="/"/>
      <tstamp>5ED22DB7</tstamp>
    </comp>
    <comp ref="TP4">
      <value>TestPoint</value>
      <footprint>TestPoint:TestPoint_THTPad_1.0x1.0mm_Drill0.5mm</footprint>
      <datasheet>~</datasheet>
      <libsource lib="Connector" part="TestPoint" description="test point"/>
      <sheetpath names="/" tstamps="/"/>
      <tstamp>5ECE1AD5</tstamp>
    </comp>
    <comp ref="TP6">
      <value>TestPoint</value>
      <footprint>TestPoint:TestPoint_THTPad_1.0x1.0mm_Drill0.5mm</footprint>
      <datasheet>~</datasheet>
      <libsource lib="Connector" part="TestPoint" description="test point"/>
      <sheetpath names="/" tstamps="/"/>
      <tstamp>5ED8FCAD</tstamp>
    </comp>
    <comp ref="TP3">
      <value>TestPoint</value>
      <footprint>TestPoint:TestPoint_THTPad_1.0x1.0mm_Drill0.5mm</footprint>
      <datasheet>~</datasheet>
      <libsource lib="Connector" part="TestPoint" description="test point"/>
      <sheetpath names="/" tstamps="/"/>
      <tstamp>5EDD743C</tstamp>
    </comp>
    <comp ref="TP5">
      <value>TestPoint</value>
      <footprint>TestPoint:TestPoint_THTPad_1.0x1.0mm_Drill0.5mm</footprint>
      <datasheet>~</datasheet>
      <libsource lib="Connector" part="TestPoint" description="test point"/>
      <sheetpath names="/" tstamps="/"/>
      <tstamp>5EDD8992</tstamp>
    </comp>
    <comp ref="TP7">
      <value>TestPoint</value>
      <footprint>TestPoint:TestPoint_THTPad_1.0x1.0mm_Drill0.5mm</footprint>
      <datasheet>~</datasheet>
      <libsource lib="Connector" part="TestPoint" description="test point"/>
      <sheetpath names="/" tstamps="/"/>
      <tstamp>5EE244CC</tstamp>
    </comp>
    <comp ref="TP2">
      <value>TestPoint</value>
      <footprint>TestPoint:TestPoint_THTPad_1.0x1.0mm_Drill0.5mm</footprint>
      <datasheet>~</datasheet>
      <libsource lib="Connector" part="TestPoint" description="test point"/>
      <sheetpath names="/" tstamps="/"/>
      <tstamp>5EFC69FD</tstamp>
    </comp>
    <comp ref="TP1">
      <value>TestPoint</value>
      <footprint>TestPoint:TestPoint_THTPad_1.0x1.0mm_Drill0.5mm</footprint>
      <datasheet>~</datasheet>
      <libsource lib="Connector" part="TestPoint" description="test point"/>
      <sheetpath names="/" tstamps="/"/>
      <tstamp>5ED27A16</tstamp>
    </comp>
    <comp ref="C26">
      <value>2.2u</value>
      <footprint>Capacitors_SMD:C_0603_HandSoldering</footprint>
      <datasheet>~</datasheet>
      <libsource lib="Device" part="C" description="Unpolarized capacitor"/>
      <sheetpath names="/" tstamps="/"/>
      <tstamp>5EC251BC</tstamp>
    </comp>
    <comp ref="IC10">
      <value>LTC4063EDD-PBF</value>
      <footprint>LTC4063:LTC4063EDD-PBF</footprint>
      <libsource lib="2020-05-10_19-49-55" part="LTC4063EDD-PBF" description=""/>
      <sheetpath names="/" tstamps="/"/>
      <tstamp>6122595B</tstamp>
    </comp>
    <comp ref="R1">
      <value>R</value>
      <footprint>Resistors_SMD:R_0603_HandSoldering</footprint>
      <datasheet>~</datasheet>
      <libsource lib="COVID19-rescue" part="R-Device-COVID19-rescue" description=""/>
      <sheetpath names="/" tstamps="/"/>
      <tstamp>5ECC3264</tstamp>
    </comp>
    <comp ref="C2">
      <value>100n</value>
      <footprint>Capacitors_SMD:C_0603_HandSoldering</footprint>
      <datasheet>~</datasheet>
      <libsource lib="COVID19-rescue" part="C-Device-COVID19-rescue" description=""/>
      <sheetpath names="/" tstamps="/"/>
      <tstamp>5ECB1F5A</tstamp>
    </comp>
    <comp ref="F1">
      <value>Fuse</value>
      <footprint>Fuse:Fuse_0603_1608Metric</footprint>
      <datasheet>~</datasheet>
      <libsource lib="Device" part="Fuse" description="Fuse"/>
      <sheetpath names="/" tstamps="/"/>
      <tstamp>5EC8A880</tstamp>
    </comp>
    <comp ref="C1">
      <value>C</value>
      <footprint>Capacitors_SMD:C_0603_HandSoldering</footprint>
      <datasheet>~</datasheet>
      <libsource lib="COVID19-rescue" part="C-Device-COVID19-rescue" description=""/>
      <sheetpath names="/" tstamps="/"/>
      <tstamp>5ECC2B77</tstamp>
    </comp>
    <comp ref="IC7">
      <value>TMP117NAIDRVR</value>
      <footprint>TMP2:TMP117NAIDRVR2</footprint>
      <libsource lib="2020-05-11_01-46-54" part="TMP117NAIDRVR" description=""/>
      <sheetpath names="/" tstamps="/"/>
      <tstamp>62833DF2</tstamp>
    </comp>
    <comp ref="IC5">
      <value>TMP117NAIDRVR</value>
      <footprint>TMP2:TMP117NAIDRVR2</footprint>
      <libsource lib="2020-05-11_01-46-54" part="TMP117NAIDRVR" description=""/>
      <sheetpath names="/" tstamps="/"/>
      <tstamp>6285162E</tstamp>
    </comp>
    <comp ref="IC6">
      <value>TMP117NAIDRVR</value>
      <footprint>TMP2:TMP117NAIDRVR2</footprint>
      <libsource lib="2020-05-11_01-46-54" part="TMP117NAIDRVR" description=""/>
      <sheetpath names="/" tstamps="/"/>
      <tstamp>62871037</tstamp>
    </comp>
    <comp ref="R21">
      <value>5K</value>
      <footprint>Resistors_SMD:R_0603_HandSoldering</footprint>
      <datasheet>~</datasheet>
      <libsource lib="COVID19-rescue" part="R-Device-COVID19-rescue" description=""/>
      <sheetpath names="/" tstamps="/"/>
      <tstamp>62C098E6</tstamp>
    </comp>
    <comp ref="R20">
      <value>5K</value>
      <footprint>Resistors_SMD:R_0603_HandSoldering</footprint>
      <datasheet>~</datasheet>
      <libsource lib="COVID19-rescue" part="R-Device-COVID19-rescue" description=""/>
      <sheetpath names="/" tstamps="/"/>
      <tstamp>62B583B8</tstamp>
    </comp>
    <comp ref="R37">
      <value>5K</value>
      <footprint>Resistors_SMD:R_0603_HandSoldering</footprint>
      <datasheet>~</datasheet>
      <libsource lib="COVID19-rescue" part="R-Device-COVID19-rescue" description=""/>
      <sheetpath names="/" tstamps="/"/>
      <tstamp>5EC3BAE3</tstamp>
    </comp>
    <comp ref="IC4">
      <value>TMP117NAIDRVR</value>
      <footprint>TMP1:TMP117NAIDRVR1</footprint>
      <libsource lib="2020-05-11_01-46-54" part="TMP117NAIDRVR" description=""/>
      <sheetpath names="/" tstamps="/"/>
      <tstamp>6246F4B1</tstamp>
    </comp>
    <comp ref="R25">
      <value>5K</value>
      <footprint>Resistors_SMD:R_0603_HandSoldering</footprint>
      <datasheet>~</datasheet>
      <libsource lib="COVID19-rescue" part="R-Device-COVID19-rescue" description=""/>
      <sheetpath names="/" tstamps="/"/>
      <tstamp>62E96DD4</tstamp>
    </comp>
    <comp ref="TP8">
      <value>TestPoint</value>
      <footprint>TestPoint:TestPoint_THTPad_1.0x1.0mm_Drill0.5mm</footprint>
      <datasheet>~</datasheet>
      <libsource lib="Connector" part="TestPoint" description="test point"/>
      <sheetpath names="/" tstamps="/"/>
      <tstamp>5FADF98A</tstamp>
    </comp>
    <comp ref="J1">
      <value>1050170001</value>
      <footprint>1050170001:MOLEX_1050170001</footprint>
      <datasheet>molex</datasheet>
      <fields>
        <field name="Field4">Manufacturer recommendation</field>
        <field name="Field5">F</field>
      </fields>
      <libsource lib="1050170001" part="1050170001" description=""/>
      <sheetpath names="/" tstamps="/"/>
      <tstamp>5EC7BE65</tstamp>
    </comp>
  </components>
  <libparts>
    <libpart lib="1050170001" part="1050170001">
      <fields>
        <field name="Reference">J</field>
        <field name="Value">1050170001</field>
        <field name="Footprint">MOLEX_1050170001</field>
        <field name="Datasheet">molex</field>
        <field name="Field4">Manufacturer recommendation</field>
        <field name="Field5">F</field>
      </fields>
      <pins>
        <pin num="1" name="1" type="passive"/>
        <pin num="2" name="2" type="passive"/>
        <pin num="3" name="3" type="passive"/>
        <pin num="4" name="4" type="passive"/>
        <pin num="5" name="5" type="passive"/>
        <pin num="SH1" name="SHIELD" type="passive"/>
        <pin num="SH2" name="SHIELD" type="passive"/>
        <pin num="SH3" name="SHIELD" type="passive"/>
        <pin num="SH4" name="SHIELD" type="passive"/>
        <pin num="SH5" name="SHIELD" type="passive"/>
        <pin num="SH6" name="SHIELD" type="passive"/>
        <pin num="SH7" name="SHIELD" type="passive"/>
        <pin num="SH8" name="SHIELD" type="passive"/>
      </pins>
    </libpart>
    <libpart lib="2020-05-10_14-44-06" part="CC2652RB1FRGZR">
      <footprints>
        <fp>RGZ0048A</fp>
        <fp>RGZ0048A_NV</fp>
      </footprints>
      <fields>
        <field name="Reference">U</field>
        <field name="Value">CC2652RB1FRGZR</field>
        <field name="Footprint">RGZ0048A</field>
      </fields>
      <pins>
        <pin num="1" name="RF_P" type="BiDi"/>
        <pin num="2" name="RF_N" type="BiDi"/>
        <pin num="3" name="X32K_Q1" type="BiDi"/>
        <pin num="4" name="X32K_Q2" type="BiDi"/>
        <pin num="5" name="DIO_0" type="BiDi"/>
        <pin num="6" name="DIO_1" type="BiDi"/>
        <pin num="7" name="DIO_2" type="BiDi"/>
        <pin num="8" name="DIO_3" type="BiDi"/>
        <pin num="9" name="DIO_4" type="BiDi"/>
        <pin num="10" name="DIO_5" type="BiDi"/>
        <pin num="11" name="DIO_6" type="BiDi"/>
        <pin num="12" name="DIO_7" type="BiDi"/>
        <pin num="13" name="VDDS2" type="power_in"/>
        <pin num="14" name="DIO_8" type="BiDi"/>
        <pin num="15" name="DIO_9" type="BiDi"/>
        <pin num="16" name="DIO_10" type="BiDi"/>
        <pin num="17" name="DIO_11" type="BiDi"/>
        <pin num="18" name="DIO_12" type="BiDi"/>
        <pin num="19" name="DIO_13" type="BiDi"/>
        <pin num="20" name="DIO_14" type="BiDi"/>
        <pin num="21" name="DIO_15" type="BiDi"/>
        <pin num="22" name="VDDS3" type="power_in"/>
        <pin num="23" name="DCOUPL" type="unspc"/>
        <pin num="24" name="JTAG_TMSC" type="BiDi"/>
        <pin num="25" name="JTAG_TCKC" type="BiDi"/>
        <pin num="26" name="DIO_16" type="BiDi"/>
        <pin num="27" name="DIO_17" type="BiDi"/>
        <pin num="28" name="DIO_18" type="BiDi"/>
        <pin num="29" name="DIO_19" type="BiDi"/>
        <pin num="30" name="DIO_20" type="BiDi"/>
        <pin num="31" name="DIO_21" type="BiDi"/>
        <pin num="32" name="DIO_22" type="BiDi"/>
        <pin num="33" name="DCDC_SW" type="power_in"/>
        <pin num="34" name="VDDS_DCDC" type="power_in"/>
        <pin num="35" name="RESET_N" type="input"/>
        <pin num="36" name="DIO_23" type="BiDi"/>
        <pin num="37" name="DIO_24" type="BiDi"/>
        <pin num="38" name="DIO_25" type="BiDi"/>
        <pin num="39" name="DIO_26" type="BiDi"/>
        <pin num="40" name="DIO_27" type="BiDi"/>
        <pin num="41" name="DIO_28" type="BiDi"/>
        <pin num="42" name="DIO_29" type="BiDi"/>
        <pin num="43" name="DIO_30" type="BiDi"/>
        <pin num="44" name="VDDS" type="power_in"/>
        <pin num="45" name="VDDR" type="power_in"/>
        <pin num="46" name="X48M_N" type="BiDi"/>
        <pin num="47" name="X48M_P" type="BiDi"/>
        <pin num="48" name="VDDR_RF" type="power_in"/>
        <pin num="49" name="EGP" type="power_in"/>
      </pins>
    </libpart>
    <libpart lib="2020-05-10_19-49-55" part="LTC4063EDD-PBF">
      <footprints>
        <fp>DFN-10_DD_LIT</fp>
        <fp>DFN-10_DD_LIT-M</fp>
        <fp>DFN-10_DD_LIT-L</fp>
      </footprints>
      <fields>
        <field name="Reference">U</field>
        <field name="Value">LTC4063EDD-PBF</field>
        <field name="Footprint">DFN-10_DD_LIT</field>
      </fields>
      <pins>
        <pin num="1" name="BAT" type="BiDi"/>
        <pin num="2" name="OUT" type="output"/>
        <pin num="3" name="FB" type="input"/>
        <pin num="4" name="*LDOEN" type="input"/>
        <pin num="5" name="*CHGEN" type="input"/>
        <pin num="6" name="*CHRG" type="output"/>
        <pin num="7" name="TIMER" type="unspc"/>
        <pin num="8" name="IDET" type="unspc"/>
        <pin num="9" name="PROG" type="unspc"/>
        <pin num="10" name="VCC" type="power_in"/>
        <pin num="11" name="EPAD" type="unspc"/>
      </pins>
    </libpart>
    <libpart lib="2020-05-10_22-40-14" part="FTSH-105-01-L-DV">
      <footprints>
        <fp>CON10_2X5_DU_FTSH</fp>
        <fp>CON10_2X5_DU_FTSH-M</fp>
        <fp>CON10_2X5_DU_FTSH-L</fp>
      </footprints>
      <fields>
        <field name="Reference">J</field>
        <field name="Value">FTSH-105-01-L-DV</field>
        <field name="Footprint">CON10_2X5_DU_FTSH</field>
      </fields>
      <pins>
        <pin num="1" name="1" type="unspc"/>
        <pin num="2" name="2" type="unspc"/>
        <pin num="3" name="3" type="unspc"/>
        <pin num="4" name="4" type="unspc"/>
        <pin num="5" name="5" type="unspc"/>
        <pin num="6" name="6" type="unspc"/>
        <pin num="7" name="7" type="unspc"/>
        <pin num="8" name="8" type="unspc"/>
        <pin num="9" name="9" type="unspc"/>
        <pin num="10" name="10" type="unspc"/>
      </pins>
    </libpart>
    <libpart lib="2020-05-11_00-05-27" part="2450BM14G0011T-AEC">
      <footprints>
        <fp>2450BM14G0011T-AEC_JOT</fp>
        <fp>2450BM14G0011T-AEC_JOT-M</fp>
        <fp>2450BM14G0011T-AEC_JOT-L</fp>
      </footprints>
      <fields>
        <field name="Reference">U</field>
        <field name="Value">2450BM14G0011T-AEC</field>
        <field name="Footprint">2450BM14G0011T-AEC_JOT</field>
      </fields>
      <pins>
        <pin num="1" name="Unbalanced_Port" type="unspc"/>
        <pin num="2" name="NC" type="NotConnected"/>
        <pin num="3" name="Balanced_Port" type="unspc"/>
        <pin num="4" name="Balanced_Port" type="unspc"/>
        <pin num="5" name="GND" type="power_in"/>
        <pin num="6" name="GND" type="power_in"/>
      </pins>
    </libpart>
    <libpart lib="2020-05-11_01-46-54" part="TMP117NAIDRVR">
      <footprints>
        <fp>DRV6_1P6X1</fp>
      </footprints>
      <fields>
        <field name="Reference">U</field>
        <field name="Value">TMP117NAIDRVR</field>
        <field name="Footprint">DRV6_1P6X1</field>
      </fields>
      <pins>
        <pin num="1" name="SCL" type="input"/>
        <pin num="2" name="GND" type="power_in"/>
        <pin num="3" name="ALERT" type="output"/>
        <pin num="4" name="ADD0" type="input"/>
        <pin num="5" name="V+" type="power_in"/>
        <pin num="6" name="SDA" type="BiDi"/>
        <pin num="7" name="EPAD" type="unspc"/>
      </pins>
    </libpart>
    <libpart lib="ABS07-32.768KHZ-T" part="ABS07-32.768KHZ-T">
      <fields>
        <field name="Reference">Y</field>
        <field name="Value">ABS07-32.768KHZ-T</field>
        <field name="Footprint">XTAL_ABS07-32.768KHZ-T</field>
        <field name="Datasheet">Abracon</field>
        <field name="Field4">08.19.15</field>
        <field name="Field5">Manufacturer Recommendation</field>
      </fields>
      <pins>
        <pin num="1" name="1" type="passive"/>
        <pin num="2" name="2" type="passive"/>
      </pins>
    </libpart>
    <libpart lib="COVID19-rescue" part="C-Device-COVID19-rescue">
      <footprints>
        <fp>C_*</fp>
      </footprints>
      <fields>
        <field name="Reference">C</field>
        <field name="Value">C-Device-COVID19-rescue</field>
      </fields>
      <pins>
        <pin num="1" name="~" type="passive"/>
        <pin num="2" name="~" type="passive"/>
      </pins>
    </libpart>
    <libpart lib="COVID19-rescue" part="R-Device-COVID19-rescue">
      <footprints>
        <fp>R_*</fp>
      </footprints>
      <fields>
        <field name="Reference">R</field>
        <field name="Value">R-Device-COVID19-rescue</field>
      </fields>
      <pins>
        <pin num="1" name="~" type="passive"/>
        <pin num="2" name="~" type="passive"/>
      </pins>
    </libpart>
    <libpart lib="COVID19-rescue" part="STR2N2VH5-STR2N2VH5-COVID19-rescue">
      <fields>
        <field name="Reference">Q</field>
        <field name="Value">STR2N2VH5-STR2N2VH5-COVID19-rescue</field>
        <field name="Footprint">SOT105P255X140-3N</field>
        <field name="Datasheet">http://www.st.com/web/en/resource/technical/document/datasheet/DM00068028.pdf</field>
        <field name="Height">1.4</field>
        <field name="Manufacturer_Name">STMicroelectronics</field>
        <field name="Manufacturer_Part_Number">STR2N2VH5</field>
        <field name="Mouser Part Number">511-STR2N2VH5</field>
        <field name="Mouser Price/Stock">https://www.mouser.co.uk/ProductDetail/STMicroelectronics/STR2N2VH5?qs=DqCdCwOw4%2F7ywJ4pldZRmw%3D%3D</field>
        <field name="RS Part Number">7917876P</field>
        <field name="RS Price/Stock">http://uk.rs-online.com/web/p/products/7917876P</field>
        <field name="Allied_Number">70391518</field>
        <field name="Allied Price/Stock">http://www.alliedelec.com/stmicroelectronics-str2n2vh5/70391518/</field>
      </fields>
      <pins>
        <pin num="1" name="G" type="unspc"/>
        <pin num="2" name="S" type="unspc"/>
        <pin num="3" name="D" type="unspc"/>
      </pins>
    </libpart>
    <libpart lib="Connector" part="Conn_01x02_Male">
      <description>Generic connector, single row, 01x02, script generated (kicad-library-utils/schlib/autogen/connector/)</description>
      <docs>~</docs>
      <footprints>
        <fp>Connector*:*_1x??_*</fp>
      </footprints>
      <fields>
        <field name="Reference">J</field>
        <field name="Value">Conn_01x02_Male</field>
      </fields>
      <pins>
        <pin num="1" name="Pin_1" type="passive"/>
        <pin num="2" name="Pin_2" type="passive"/>
      </pins>
    </libpart>
    <libpart lib="Connector" part="TestPoint">
      <description>test point</description>
      <docs>~</docs>
      <footprints>
        <fp>Pin*</fp>
        <fp>Test*</fp>
      </footprints>
      <fields>
        <field name="Reference">TP</field>
        <field name="Value">TestPoint</field>
      </fields>
      <pins>
        <pin num="1" name="1" type="passive"/>
      </pins>
    </libpart>
    <libpart lib="Device" part="C">
      <description>Unpolarized capacitor</description>
      <docs>~</docs>
      <footprints>
        <fp>C_*</fp>
      </footprints>
      <fields>
        <field name="Reference">C</field>
        <field name="Value">C</field>
      </fields>
      <pins>
        <pin num="1" name="~" type="passive"/>
        <pin num="2" name="~" type="passive"/>
      </pins>
    </libpart>
    <libpart lib="Device" part="Fuse">
      <description>Fuse</description>
      <docs>~</docs>
      <footprints>
        <fp>*Fuse*</fp>
      </footprints>
      <fields>
        <field name="Reference">F</field>
        <field name="Value">Fuse</field>
      </fields>
      <pins>
        <pin num="1" name="~" type="passive"/>
        <pin num="2" name="~" type="passive"/>
      </pins>
    </libpart>
    <libpart lib="Device" part="L">
      <description>Inductor</description>
      <docs>~</docs>
      <footprints>
        <fp>Choke_*</fp>
        <fp>*Coil*</fp>
        <fp>Inductor_*</fp>
        <fp>L_*</fp>
      </footprints>
      <fields>
        <field name="Reference">L</field>
        <field name="Value">L</field>
      </fields>
      <pins>
        <pin num="1" name="1" type="passive"/>
        <pin num="2" name="2" type="passive"/>
      </pins>
    </libpart>
    <libpart lib="Device" part="LED">
      <description>Light emitting diode</description>
      <docs>~</docs>
      <footprints>
        <fp>LED*</fp>
        <fp>LED_SMD:*</fp>
        <fp>LED_THT:*</fp>
      </footprints>
      <fields>
        <field name="Reference">D</field>
        <field name="Value">LED</field>
      </fields>
      <pins>
        <pin num="1" name="K" type="passive"/>
        <pin num="2" name="A" type="passive"/>
      </pins>
    </libpart>
    <libpart lib="ICM20946" part="ICM-20649">
      <footprints>
        <fp>QFN24_3X3X0P9_IVS</fp>
        <fp>QFN24_3X3X0P9_IVS-M</fp>
        <fp>QFN24_3X3X0P9_IVS-L</fp>
      </footprints>
      <fields>
        <field name="Reference">U</field>
        <field name="Value">ICM-20649</field>
        <field name="Footprint">QFN24_3X3X0P9_IVS</field>
      </fields>
      <pins>
        <pin num="1" name="NC" type="NotConnected"/>
        <pin num="2" name="NC" type="NotConnected"/>
        <pin num="3" name="NC" type="NotConnected"/>
        <pin num="4" name="NC" type="NotConnected"/>
        <pin num="5" name="NC" type="NotConnected"/>
        <pin num="6" name="NC" type="NotConnected"/>
        <pin num="7" name="AUX_CL" type="unspc"/>
        <pin num="8" name="VDDIO" type="power_in"/>
        <pin num="9" name="SDA/AD0" type="BiDi"/>
        <pin num="10" name="REGOUT" type="output"/>
        <pin num="11" name="FSYNC" type="input"/>
        <pin num="12" name="INT1" type="BiDi"/>
        <pin num="13" name="VDD" type="power_in"/>
        <pin num="14" name="NC" type="NotConnected"/>
        <pin num="15" name="NC" type="NotConnected"/>
        <pin num="16" name="NC" type="NotConnected"/>
        <pin num="17" name="NC" type="NotConnected"/>
        <pin num="18" name="GND" type="power_in"/>
        <pin num="19" name="INT2" type="BiDi"/>
        <pin num="20" name="RESV" type="power_in"/>
        <pin num="21" name="AUX_DA" type="unspc"/>
        <pin num="22" name="nCS" type="unspc"/>
        <pin num="23" name="SCL/SCLK" type="unspc"/>
        <pin num="24" name="SDA/SDI" type="unspc"/>
        <pin num="25" name="25" type="unspc"/>
      </pins>
    </libpart>
    <libpart lib="LT1763CS8#TRPBF" part="LT1763CS8#TRPBF">
      <description>LDO Voltage Regulators 500mA, Low Noise, LDO Micropower Regulators</description>
      <docs>https://www.analog.com/media/en/technical-documentation/data-sheets/1763fh.pdf</docs>
      <fields>
        <field name="Reference">IC</field>
        <field name="Value">LT1763CS8#TRPBF</field>
        <field name="Footprint">SOIC127P599X175-8N</field>
        <field name="Datasheet">https://www.analog.com/media/en/technical-documentation/data-sheets/1763fh.pdf</field>
        <field name="Description">LDO Voltage Regulators 500mA, Low Noise, LDO Micropower Regulators</field>
        <field name="Height">1.752</field>
        <field name="Mouser Part Number">584-LT1763CS8#TRPBF</field>
        <field name="Mouser Price/Stock">https://www.mouser.co.uk/ProductDetail/Analog-Devices-Linear-Technology/LT1763CS8TRPBF?qs=ytflclh7QUWKSkHZ3wqacw%3D%3D</field>
        <field name="Manufacturer_Name">Linear Technology</field>
        <field name="Manufacturer_Part_Number">LT1763CS8#TRPBF</field>
      </fields>
      <pins>
        <pin num="1" name="OUT" type="unspc"/>
        <pin num="2" name="SENSE/ADJ~" type="unspc"/>
        <pin num="3" name="GND_1" type="unspc"/>
        <pin num="4" name="BYP" type="unspc"/>
        <pin num="5" name="~SHDN" type="unspc"/>
        <pin num="6" name="GND_2" type="unspc"/>
        <pin num="7" name="GND_3" type="unspc"/>
        <pin num="8" name="IN" type="unspc"/>
      </pins>
    </libpart>
    <libpart lib="SKRPABE010" part="SKRPABE010">
      <fields>
        <field name="Reference">SW</field>
        <field name="Value">SKRPABE010</field>
        <field name="Footprint">SKRPABE010</field>
      </fields>
      <pins>
        <pin num="P$1" name="P$1" type="passive"/>
        <pin num="P$2" name="P$2" type="passive"/>
        <pin num="P$3" name="P$3" type="passive"/>
        <pin num="P$4" name="P$4" type="passive"/>
      </pins>
    </libpart>
    <libpart lib="tm-kicad-lib" part="ANTENNA">
      <fields>
        <field name="Reference">AE</field>
        <field name="Value">ANTENNA</field>
      </fields>
      <pins>
        <pin num="1" name="~" type="BiDi"/>
        <pin num="2" name="~" type="BiDi"/>
      </pins>
    </libpart>
  </libparts>
  <libraries>
    <library logical="1050170001">
      <uri>C:\UF\COVID19\COVID19\WearableDevices\Circuit\JJ\TI-CC2652RB\PCB5/1050170001/1050170001.lib</uri>
    </library>
    <library logical="2020-05-10_14-44-06">
      <uri>C:\UF\COVID19\COVID19\WearableDevices\Circuit\JJ\TI-CC2652RB\PCB5/ul_CC2652RB1FRGZR/KiCAD/2020-05-10_14-44-06/2020-05-10_14-44-06.lib</uri>
    </library>
    <library logical="2020-05-10_19-49-55">
      <uri>C:\UF\COVID19\COVID19\WearableDevices\Circuit\JJ\TI-CC2652RB\PCB5/ul_LTC4063EDDPBF/KiCAD/2020-05-10_19-49-55/2020-05-10_19-49-55.lib</uri>
    </library>
    <library logical="2020-05-10_22-40-14">
      <uri>C:\UF\COVID19\COVID19\WearableDevices\Circuit\JJ\TI-CC2652RB\PCB5/ul_FTSH10501LDV/KiCAD/2020-05-10_22-40-14/2020-05-10_22-40-14.lib</uri>
    </library>
    <library logical="2020-05-11_00-05-27">
      <uri>C:\UF\COVID19\COVID19\WearableDevices\Circuit\JJ\TI-CC2652RB\PCB5/ul_2450BM14G0011TAEC/KiCAD/2020-05-11_00-05-27/2020-05-11_00-05-27.lib</uri>
    </library>
    <library logical="2020-05-11_01-46-54">
      <uri>C:\UF\COVID19\COVID19\WearableDevices\Circuit\JJ\TI-CC2652RB\PCB5/ul_TMP117NAIDRVR/KiCAD/2020-05-11_01-46-54/2020-05-11_01-46-54.lib</uri>
    </library>
    <library logical="ABS07-32.768KHZ-T">
      <uri>C:\UF\COVID19\COVID19\WearableDevices\Circuit\JJ\TI-CC2652RB\PCB5/ABS07-32.768KHZ-T/ABS07-32.768KHZ-T.lib</uri>
    </library>
    <library logical="COVID19-rescue">
      <uri>C:\UF\COVID19\COVID19\WearableDevices\Circuit\JJ\TI-CC2652RB\PCB5/COVID19-rescue.lib</uri>
    </library>
    <library logical="Connector">
      <uri>C:/UF/COVID19/COVID19/WearableDevices/Circuit/JJ/ST/PCB/kicad-symbols-master/kicad-symbols-master/Connector.lib</uri>
    </library>
    <library logical="Device">
      <uri>C:/UF/COVID19/COVID19/WearableDevices/Circuit/JJ/ST/PCB/kicad-symbols-master/kicad-symbols-master/Device.lib</uri>
    </library>
    <library logical="ICM20946">
      <uri>C:\UF\COVID19\COVID19\WearableDevices\Circuit\JJ\TI-CC2652RB\PCB5/ul_ICM20649/KiCAD/2020-05-13_02-20-10/2020-05-13_02-20-10.lib</uri>
    </library>
    <library logical="LT1763CS8#TRPBF">
      <uri>C:\UF\COVID19\COVID19\WearableDevices\Circuit\JJ\TI-CC2652RB\PCB5/LIB_LT1763CS8#TRPBF/LT1763CS8#TRPBF/KiCad/LT1763CS8#TRPBF.lib</uri>
    </library>
    <library logical="SKRPABE010">
      <uri>C:\UF\COVID19\COVID19\WearableDevices\Circuit\JJ\TI-CC2652RB\PCB5/SKRPABE010/SKRPABE010.lib</uri>
    </library>
    <library logical="tm-kicad-lib">
      <uri>C:\UF\COVID19\COVID19\WearableDevices\Circuit\JJ\TI-CC2652RB\PCB5/tm-kicad-library-master/tm-kicad-library-master/tm-kicad-lib.lib</uri>
    </library>
  </libraries>
  <nets>
    <net code="1" name="/JTAG_TMSC">
      <node ref="J3" pin="2"/>
      <node ref="IC2" pin="24"/>
    </net>
    <net code="2" name="GND">
      <node ref="R3" pin="2"/>
      <node ref="Q1" pin="2"/>
      <node ref="C5" pin="2"/>
      <node ref="C18" pin="2"/>
      <node ref="C9" pin="2"/>
      <node ref="Q3" pin="2"/>
      <node ref="C7" pin="2"/>
      <node ref="IC7" pin="2"/>
      <node ref="SW2" pin="P$4"/>
      <node ref="SW2" pin="P$3"/>
      <node ref="C17" pin="2"/>
      <node ref="C14" pin="2"/>
      <node ref="C11" pin="2"/>
      <node ref="R44" pin="2"/>
      <node ref="IC4" pin="2"/>
      <node ref="R1" pin="1"/>
      <node ref="IC2" pin="49"/>
      <node ref="C26" pin="2"/>
      <node ref="IC4" pin="7"/>
      <node ref="IC4" pin="4"/>
      <node ref="C2" pin="1"/>
      <node ref="J1" pin="5"/>
      <node ref="IC6" pin="7"/>
      <node ref="IC6" pin="2"/>
      <node ref="IC5" pin="7"/>
      <node ref="IC5" pin="2"/>
      <node ref="IC7" pin="7"/>
      <node ref="Q2" pin="2"/>
      <node ref="C6" pin="2"/>
      <node ref="C8" pin="2"/>
      <node ref="C4" pin="2"/>
      <node ref="C10" pin="2"/>
      <node ref="IC10" pin="11"/>
      <node ref="IC10" pin="7"/>
      <node ref="IC10" pin="5"/>
      <node ref="IC10" pin="4"/>
      <node ref="C1" pin="1"/>
      <node ref="R5" pin="2"/>
      <node ref="C3" pin="2"/>
      <node ref="C12" pin="2"/>
      <node ref="C15" pin="2"/>
      <node ref="C22" pin="2"/>
      <node ref="R10" pin="2"/>
      <node ref="J2" pin="1"/>
      <node ref="R12" pin="1"/>
      <node ref="J3" pin="9"/>
      <node ref="J3" pin="5"/>
      <node ref="J3" pin="3"/>
      <node ref="R17" pin="2"/>
      <node ref="R18" pin="2"/>
      <node ref="AE1" pin="2"/>
      <node ref="IC3" pin="6"/>
      <node ref="IC3" pin="3"/>
      <node ref="IC3" pin="7"/>
      <node ref="R2" pin="2"/>
      <node ref="C13" pin="2"/>
      <node ref="IC8" pin="6"/>
      <node ref="IC8" pin="5"/>
      <node ref="C23" pin="1"/>
      <node ref="U1" pin="25"/>
      <node ref="C25" pin="2"/>
      <node ref="C24" pin="2"/>
      <node ref="U1" pin="11"/>
      <node ref="U1" pin="18"/>
      <node ref="C20" pin="2"/>
      <node ref="U1" pin="20"/>
      <node ref="C21" pin="1"/>
      <node ref="C19" pin="1"/>
    </net>
    <net code="3" name="Net-(C19-Pad2)">
      <node ref="C19" pin="2"/>
      <node ref="IC2" pin="3"/>
      <node ref="Y1" pin="1"/>
    </net>
    <net code="4" name="/JTAG_RST">
      <node ref="J3" pin="10"/>
      <node ref="IC2" pin="35"/>
      <node ref="C3" pin="1"/>
      <node ref="R4" pin="2"/>
    </net>
    <net code="5" name="Net-(C24-Pad1)">
      <node ref="C24" pin="1"/>
      <node ref="IC2" pin="23"/>
    </net>
    <net code="6" name="/EVENT3">
      <node ref="IC2" pin="9"/>
      <node ref="R21" pin="1"/>
      <node ref="IC6" pin="3"/>
    </net>
    <net code="7" name="/SPI_CLK">
      <node ref="IC2" pin="14"/>
      <node ref="U1" pin="23"/>
    </net>
    <net code="8" name="/SPI_MOSI">
      <node ref="IC2" pin="15"/>
      <node ref="U1" pin="24"/>
    </net>
    <net code="9" name="/JTAG_TDO">
      <node ref="IC2" pin="10"/>
      <node ref="J3" pin="6"/>
    </net>
    <net code="10" name="/EVENT2">
      <node ref="IC2" pin="8"/>
      <node ref="R20" pin="1"/>
      <node ref="IC5" pin="3"/>
    </net>
    <net code="11" name="/EVENT1">
      <node ref="IC7" pin="3"/>
      <node ref="IC2" pin="7"/>
      <node ref="R37" pin="1"/>
    </net>
    <net code="12" name="/WAKE">
      <node ref="R6" pin="1"/>
      <node ref="IC2" pin="12"/>
    </net>
    <net code="13" name="/JTAG_TDI">
      <node ref="IC2" pin="11"/>
      <node ref="J3" pin="8"/>
    </net>
    <net code="14" name="/SDA">
      <node ref="IC6" pin="6"/>
      <node ref="IC4" pin="6"/>
      <node ref="IC5" pin="6"/>
      <node ref="R29" pin="1"/>
      <node ref="IC7" pin="6"/>
      <node ref="IC5" pin="4"/>
      <node ref="IC2" pin="6"/>
    </net>
    <net code="15" name="/SCL">
      <node ref="IC7" pin="1"/>
      <node ref="R25" pin="1"/>
      <node ref="IC2" pin="5"/>
      <node ref="IC5" pin="1"/>
      <node ref="IC6" pin="4"/>
      <node ref="IC6" pin="1"/>
      <node ref="IC4" pin="1"/>
    </net>
    <net code="16" name="/RF_N">
      <node ref="IC8" pin="4"/>
      <node ref="IC2" pin="2"/>
    </net>
    <net code="17" name="/RF_P">
      <node ref="IC2" pin="1"/>
      <node ref="IC8" pin="3"/>
    </net>
    <net code="18" name="/JTAG_TCKC">
      <node ref="IC2" pin="25"/>
      <node ref="J3" pin="4"/>
    </net>
    <net code="19" name="/SPI_MISO">
      <node ref="U1" pin="9"/>
      <node ref="IC2" pin="16"/>
    </net>
    <net code="20" name="Net-(IC2-Pad28)">
      <node ref="IC2" pin="28"/>
    </net>
    <net code="21" name="Net-(IC2-Pad29)">
      <node ref="IC2" pin="29"/>
    </net>
    <net code="22" name="Net-(IC2-Pad30)">
      <node ref="IC2" pin="30"/>
    </net>
    <net code="23" name="Net-(IC2-Pad31)">
      <node ref="IC2" pin="31"/>
    </net>
    <net code="24" name="Net-(IC2-Pad32)">
      <node ref="IC2" pin="32"/>
    </net>
    <net code="25" name="/DCDC_SW">
      <node ref="L1" pin="1"/>
      <node ref="IC2" pin="33"/>
    </net>
    <net code="26" name="/VDDR">
      <node ref="IC2" pin="48"/>
      <node ref="C5" pin="1"/>
      <node ref="C9" pin="1"/>
      <node ref="IC2" pin="45"/>
      <node ref="L1" pin="2"/>
      <node ref="C7" pin="1"/>
      <node ref="TP3" pin="1"/>
    </net>
    <net code="27" name="Net-(IC2-Pad47)">
      <node ref="IC2" pin="47"/>
    </net>
    <net code="28" name="Net-(IC2-Pad46)">
      <node ref="IC2" pin="46"/>
    </net>
    <net code="29" name="Net-(C22-Pad1)">
      <node ref="C22" pin="1"/>
      <node ref="IC2" pin="4"/>
      <node ref="Y1" pin="2"/>
    </net>
    <net code="30" name="Net-(U1-Pad21)">
      <node ref="U1" pin="21"/>
    </net>
    <net code="31" name="Net-(U1-Pad7)">
      <node ref="U1" pin="7"/>
    </net>
    <net code="32" name="+1V8">
      <node ref="U1" pin="8"/>
      <node ref="R45" pin="1"/>
      <node ref="R29" pin="2"/>
      <node ref="C13" pin="1"/>
      <node ref="C15" pin="1"/>
      <node ref="C12" pin="1"/>
      <node ref="C21" pin="2"/>
      <node ref="C16" pin="1"/>
      <node ref="C14" pin="1"/>
      <node ref="C17" pin="1"/>
      <node ref="IC3" pin="1"/>
      <node ref="R21" pin="2"/>
      <node ref="IC7" pin="4"/>
      <node ref="IC7" pin="5"/>
      <node ref="R25" pin="2"/>
      <node ref="R20" pin="2"/>
      <node ref="IC6" pin="5"/>
      <node ref="TP7" pin="1"/>
      <node ref="R37" pin="2"/>
      <node ref="C25" pin="1"/>
      <node ref="U1" pin="13"/>
      <node ref="TP6" pin="1"/>
      <node ref="IC5" pin="5"/>
      <node ref="IC4" pin="5"/>
    </net>
    <net code="33" name="Net-(C20-Pad1)">
      <node ref="C20" pin="1"/>
      <node ref="U1" pin="10"/>
    </net>
    <net code="34" name="Net-(U1-Pad6)">
      <node ref="U1" pin="6"/>
    </net>
    <net code="35" name="Net-(U1-Pad1)">
      <node ref="U1" pin="1"/>
    </net>
    <net code="36" name="Net-(U1-Pad2)">
      <node ref="U1" pin="2"/>
    </net>
    <net code="37" name="Net-(U1-Pad3)">
      <node ref="U1" pin="3"/>
    </net>
    <net code="38" name="Net-(U1-Pad4)">
      <node ref="U1" pin="4"/>
    </net>
    <net code="39" name="Net-(U1-Pad5)">
      <node ref="U1" pin="5"/>
    </net>
    <net code="40" name="Net-(U1-Pad14)">
      <node ref="U1" pin="14"/>
    </net>
    <net code="41" name="Net-(U1-Pad15)">
      <node ref="U1" pin="15"/>
    </net>
    <net code="42" name="Net-(U1-Pad16)">
      <node ref="U1" pin="16"/>
    </net>
    <net code="43" name="Net-(U1-Pad17)">
      <node ref="U1" pin="17"/>
    </net>
    <net code="44" name="Net-(IC2-Pad43)">
      <node ref="IC2" pin="43"/>
    </net>
    <net code="45" name="Net-(IC2-Pad42)">
      <node ref="IC2" pin="42"/>
    </net>
    <net code="46" name="Net-(IC2-Pad41)">
      <node ref="IC2" pin="41"/>
    </net>
    <net code="47" name="Net-(IC2-Pad40)">
      <node ref="IC2" pin="40"/>
    </net>
    <net code="48" name="Net-(IC2-Pad39)">
      <node ref="IC2" pin="39"/>
    </net>
    <net code="49" name="Net-(IC2-Pad38)">
      <node ref="IC2" pin="38"/>
    </net>
    <net code="50" name="Net-(IC2-Pad37)">
      <node ref="IC2" pin="37"/>
    </net>
    <net code="51" name="Net-(IC2-Pad36)">
      <node ref="IC2" pin="36"/>
    </net>
    <net code="52" name="/CHG_LED">
      <node ref="IC2" pin="27"/>
      <node ref="IC10" pin="6"/>
      <node ref="D4" pin="1"/>
    </net>
    <net code="53" name="/LED3_EVENT3">
      <node ref="R5" pin="1"/>
      <node ref="IC2" pin="26"/>
      <node ref="Q3" pin="1"/>
    </net>
    <net code="54" name="/LED2_EVENT2">
      <node ref="R2" pin="1"/>
      <node ref="Q1" pin="1"/>
      <node ref="IC2" pin="21"/>
    </net>
    <net code="55" name="/LED1_EVENT1">
      <node ref="R3" pin="1"/>
      <node ref="IC2" pin="20"/>
      <node ref="Q2" pin="1"/>
    </net>
    <net code="56" name="/SPI_INT2">
      <node ref="U1" pin="19"/>
      <node ref="IC2" pin="19"/>
    </net>
    <net code="57" name="/SPI_INT1">
      <node ref="IC2" pin="18"/>
      <node ref="U1" pin="12"/>
    </net>
    <net code="58" name="/SPI_CS">
      <node ref="IC2" pin="17"/>
      <node ref="U1" pin="22"/>
    </net>
    <net code="59" name="Net-(J1-Pad4)">
      <node ref="J1" pin="4"/>
    </net>
    <net code="60" name="Net-(C2-Pad2)">
      <node ref="F1" pin="2"/>
      <node ref="C2" pin="2"/>
      <node ref="J1" pin="1"/>
    </net>
    <net code="61" name="Net-(J1-Pad2)">
      <node ref="J1" pin="2"/>
    </net>
    <net code="62" name="Net-(J1-Pad3)">
      <node ref="J1" pin="3"/>
    </net>
    <net code="63" name="Net-(IC4-Pad3)">
      <node ref="IC4" pin="3"/>
    </net>
    <net code="65" name="+5V">
      <node ref="TP4" pin="1"/>
      <node ref="C23" pin="2"/>
      <node ref="IC10" pin="10"/>
      <node ref="TP8" pin="1"/>
      <node ref="F1" pin="1"/>
    </net>
    <net code="66" name="+3V3">
      <node ref="R8" pin="1"/>
      <node ref="J3" pin="1"/>
      <node ref="C18" pin="1"/>
      <node ref="IC2" pin="34"/>
      <node ref="TP1" pin="1"/>
      <node ref="TP5" pin="1"/>
      <node ref="C26" pin="1"/>
      <node ref="R14" pin="2"/>
      <node ref="R11" pin="1"/>
      <node ref="R4" pin="1"/>
      <node ref="IC2" pin="44"/>
      <node ref="IC2" pin="13"/>
      <node ref="C4" pin="1"/>
      <node ref="C10" pin="1"/>
      <node ref="IC3" pin="5"/>
      <node ref="IC3" pin="8"/>
      <node ref="C8" pin="1"/>
      <node ref="R7" pin="1"/>
      <node ref="R9" pin="1"/>
      <node ref="C11" pin="1"/>
      <node ref="IC2" pin="22"/>
      <node ref="C6" pin="1"/>
      <node ref="IC10" pin="2"/>
    </net>
    <net code="67" name="Earth">
      <node ref="J1" pin="SH5"/>
      <node ref="J1" pin="SH7"/>
      <node ref="J1" pin="SH6"/>
      <node ref="J1" pin="SH4"/>
      <node ref="J1" pin="SH3"/>
      <node ref="J1" pin="SH2"/>
      <node ref="J1" pin="SH1"/>
      <node ref="J1" pin="SH8"/>
      <node ref="R1" pin="2"/>
      <node ref="C1" pin="2"/>
    </net>
    <net code="68" name="Net-(IC10-Pad8)">
      <node ref="R12" pin="2"/>
      <node ref="IC10" pin="9"/>
      <node ref="IC10" pin="8"/>
    </net>
    <net code="69" name="Net-(D1-Pad2)">
      <node ref="R7" pin="2"/>
      <node ref="D1" pin="2"/>
    </net>
    <net code="70" name="Net-(D2-Pad1)">
      <node ref="Q2" pin="3"/>
      <node ref="D2" pin="1"/>
    </net>
    <net code="71" name="Net-(D2-Pad2)">
      <node ref="R9" pin="2"/>
      <node ref="D2" pin="2"/>
    </net>
    <net code="72" name="Net-(IC3-Pad2)">
      <node ref="R44" pin="1"/>
      <node ref="IC3" pin="2"/>
      <node ref="R45" pin="2"/>
    </net>
    <net code="73" name="Net-(C16-Pad2)">
      <node ref="C16" pin="2"/>
      <node ref="IC3" pin="4"/>
    </net>
    <net code="74" name="/Vbatt">
      <node ref="J2" pin="2"/>
      <node ref="IC10" pin="1"/>
      <node ref="TP2" pin="1"/>
    </net>
    <net code="75" name="Net-(R6-Pad2)">
      <node ref="SW2" pin="P$1"/>
      <node ref="SW2" pin="P$2"/>
      <node ref="R6" pin="2"/>
    </net>
    <net code="76" name="Net-(D1-Pad1)">
      <node ref="Q1" pin="3"/>
      <node ref="D1" pin="1"/>
    </net>
    <net code="79" name="Net-(AE1-Pad1)">
      <node ref="R19" pin="1"/>
      <node ref="R17" pin="1"/>
      <node ref="AE1" pin="1"/>
    </net>
    <net code="80" name="Net-(IC8-Pad1)">
      <node ref="IC8" pin="1"/>
      <node ref="R19" pin="2"/>
      <node ref="R18" pin="1"/>
    </net>
    <net code="81" name="Net-(IC8-Pad2)">
      <node ref="IC8" pin="2"/>
    </net>
    <net code="82" name="Net-(D4-Pad2)">
      <node ref="D4" pin="2"/>
      <node ref="R14" pin="1"/>
    </net>
    <net code="83" name="Net-(J3-Pad7)">
      <node ref="J3" pin="7"/>
    </net>
    <net code="84" name="Net-(D3-Pad1)">
      <node ref="Q3" pin="3"/>
      <node ref="D3" pin="1"/>
    </net>
    <net code="85" name="Net-(D3-Pad2)">
      <node ref="R8" pin="2"/>
      <node ref="D3" pin="2"/>
    </net>
    <net code="87" name="Net-(IC10-Pad3)">
      <node ref="R10" pin="1"/>
      <node ref="R11" pin="2"/>
      <node ref="IC10" pin="3"/>
    </net>
  </nets>
</export>
